Alpha,T1_Re0.300_M0.00_N5.0, , Alpha,T1_Re0.300_M0.00_N9.0, , Alpha,T1_Re0.400_M0.00_N5.0, , Alpha,T1_Re0.400_M0.00_N9.0, , Alpha,T1_Re0.500_M0.00_N5.0, , Alpha,T1_Re0.500_M0.00_N9.0, , 
        -40.5,     -2.447912, ,        -33.25,     -2.011332, ,        -34.75,     -2.688929, ,        -30.75,     -2.175916, ,        -31.25,       -2.8139, ,         -28.5,     -2.922932, , 
       -40.25,     -2.457571, ,           -33,     -2.024229, ,         -34.5,     -2.700956, ,         -30.5,     -2.190734, ,           -31,     -2.823852, ,        -28.25,     -2.929082, , 
          -40,     -2.467291, ,        -32.75,     -2.037656, ,        -33.25,      -2.74209, ,        -30.25,     -2.205728, ,        -30.75,     -2.833373, ,           -28,     -2.935408, , 
       -39.75,     -2.477055, ,         -32.5,     -2.051777, ,           -33,     -2.747334, ,           -30,      -2.22118, ,         -30.5,     -2.843016, ,        -27.75,     -2.941993, , 
        -39.5,     -2.486848, ,        -32.25,     -2.066713, ,        -32.75,     -2.753095, ,        -29.75,     -2.237347, ,        -30.25,     -2.852695, ,         -27.5,     -2.948829, , 
       -39.25,     -2.496677, ,           -32,     -2.082459, ,         -32.5,     -2.762721, ,         -29.5,     -2.253686, ,           -30,     -2.862162, ,        -27.25,     -2.955961, , 
          -39,     -2.506547, ,        -31.75,     -2.097841, ,        -32.25,     -2.773752, ,        -29.25,     -2.270269, ,        -29.75,     -2.872179, ,           -27,     -2.963431, , 
       -38.75,     -2.516424, ,         -31.5,     -2.112268, ,           -32,     -2.783996, ,           -29,      -2.28712, ,         -29.5,     -2.882033, ,        -26.75,       -2.9713, , 
        -38.5,     -2.526428, ,        -31.25,     -2.127043, ,        -31.75,     -2.793785, ,        -28.75,     -2.304552, ,        -29.25,     -2.892326, ,         -26.5,     -2.979695, , 
       -38.25,      -2.53636, ,           -31,     -2.141936, ,         -31.5,     -2.803506, ,         -28.5,     -2.322684, ,           -29,      -2.90282, ,        -26.25,     -2.988974, , 
          -38,     -2.554705, ,        -30.75,     -2.157008, ,        -31.25,     -2.813213, ,        -28.25,     -2.341585, ,        -28.75,     -2.913479, ,           -26,     -2.999726, , 
       -37.75,     -2.566749, ,         -30.5,     -2.173116, ,           -31,     -2.822955, ,           -28,     -2.361319, ,         -28.5,     -2.924343, ,        -25.75,     -3.009759, , 
        -37.5,      -2.57597, ,        -30.25,     -2.190089, ,        -30.75,     -2.832424, ,        -27.75,     -2.381959, ,        -28.25,     -2.934612, ,         -25.5,     -3.020829, , 
       -37.25,     -2.584341, ,           -30,     -2.207595, ,         -30.5,     -2.841829, ,         -27.5,     -2.403601, ,           -28,     -2.941899, ,        -25.25,     -3.033534, , 
          -37,     -2.592403, ,        -29.75,     -2.225597, ,        -30.25,     -2.851555, ,        -27.25,     -2.426364, ,        -27.75,     -2.951299, ,           -25,     -3.046658, , 
       -36.75,     -2.600371, ,         -29.5,     -2.244155, ,           -30,     -2.861685, ,           -27,     -2.449927, ,         -27.5,     -2.965005, ,        -24.75,     -3.061276, , 
        -36.5,     -2.608343, ,         -28.5,     -2.874099, ,        -29.75,     -2.872016, ,        -26.75,     -2.473729, ,        -27.25,       -2.9815, ,         -24.5,     -3.077211, , 
       -36.25,     -2.616373, ,        -28.25,     -2.883493, ,         -29.5,     -2.882615, ,         -26.5,       -2.4986, ,           -27,            -3, ,        -24.25,     -3.129387, , 
          -36,     -2.624494, ,           -28,     -2.893245, ,        -29.25,     -2.893364, ,        -26.25,     -2.525038, ,        -26.75,     -3.017534, ,           -24,     -3.129173, , 
       -35.75,     -2.632723, ,         -27.5,     -2.953486, ,           -29,     -2.904293, ,           -26,     -2.572413, ,         -26.5,     -3.031817, ,        -23.75,     -3.128371, , 
        -35.5,     -2.641075, ,        -27.25,     -2.963396, ,        -28.75,     -2.915483, ,        -25.75,     -2.585312, ,        -26.25,     -3.043664, ,         -23.5,     -3.128427, , 
       -35.25,     -2.649563, ,           -27,     -2.969987, ,         -28.5,     -2.927036, ,         -25.5,     -2.598058, ,           -26,     -3.054534, ,        -23.25,     -3.129772, , 
          -35,     -2.658211, ,        -26.75,     -2.975605, ,        -28.25,     -2.938731, ,        -25.25,      -2.61227, ,        -25.75,     -3.064986, ,           -23,     -3.132517, , 
       -34.75,     -2.667085, ,         -26.5,     -2.981119, ,           -28,     -2.948739, ,           -25,     -2.628935, ,         -25.5,     -3.075865, ,        -22.75,       -3.1366, , 
        -34.5,     -2.676484, ,        -26.25,     -2.986872, ,        -27.75,      -2.95493, ,        -24.75,     -2.649416, ,        -25.25,     -3.088699, ,         -22.5,     -3.141918, , 
       -34.25,     -2.686643, ,           -26,     -2.993084, ,         -27.5,     -2.963204, ,         -24.5,     -2.676341, ,           -25,     -3.105232, ,        -22.25,     -3.148493, , 
          -34,     -2.697698, ,        -25.75,     -2.999886, ,        -27.25,     -2.973574, ,        -24.25,     -2.704058, ,        -24.75,     -3.126798, ,           -22,     -3.156619, , 
       -33.75,     -2.708721, ,         -25.5,     -3.007444, ,           -27,     -2.985159, ,           -24,     -2.733162, ,         -24.5,      -3.15036, ,        -21.75,     -3.170958, , 
        -33.5,     -2.720004, ,        -25.25,     -3.016093, ,        -26.75,     -2.997641, ,        -23.75,     -2.763705, ,        -24.25,     -3.168254, ,         -21.5,     -3.183182, , 
       -33.25,     -2.730994, ,           -25,     -3.026897, ,         -26.5,     -3.010645, ,         -23.5,     -2.791763, ,           -24,     -3.184365, ,        -21.25,     -3.193992, , 
          -33,     -2.741544, ,        -24.75,     -3.031425, ,        -26.25,     -3.024245, ,        -23.25,     -2.820834, ,        -23.75,     -3.200407, ,           -21,     -3.206207, , 
       -32.75,     -2.751476, ,         -24.5,     -3.038374, ,           -26,     -3.038584, ,           -23,     -2.851533, ,         -23.5,     -3.227052, ,        -20.75,     -3.220564, , 
        -32.5,     -2.761178, ,        -24.25,     -3.047122, ,        -25.75,     -3.054498, ,        -22.75,      -3.12545, ,        -23.25,     -3.237657, ,         -20.5,     -3.238014, , 
       -32.25,     -2.770744, ,           -24,     -3.057038, ,         -25.5,     -3.079802, ,         -22.5,      -3.13441, ,           -23,     -3.237215, ,        -20.25,     -3.260323, , 
          -32,     -2.780308, ,        -23.75,     -3.067869, ,        -25.25,     -3.123229, ,        -22.25,     -3.144293, ,        -22.75,     -3.232485, ,           -20,     -3.286414, , 
       -31.75,     -2.789746, ,         -23.5,     -3.122779, ,           -25,     -3.121998, ,           -22,     -3.155562, ,         -22.5,     -3.235996, ,        -19.75,     -3.315356, , 
        -31.5,     -2.798091, ,        -23.25,     -3.126568, ,        -24.75,     -3.119916, ,        -21.75,     -3.168116, ,        -22.25,     -3.322386, ,         -19.5,     -3.347623, , 
       -31.25,     -2.806574, ,           -23,     -3.125673, ,         -24.5,     -3.120103, ,         -21.5,     -3.181774, ,           -22,      -3.34761, ,        -19.25,     -3.384103, , 
          -31,     -2.832286, ,        -22.75,     -3.125018, ,        -24.25,     -3.123111, ,        -21.25,     -3.196448, ,        -21.75,     -3.377621, ,           -19,     -3.495019, , 
       -30.75,     -2.841802, ,         -22.5,     -3.126498, ,           -24,     -3.128934, ,           -21,     -3.254473, ,         -21.5,     -3.404125, ,        -18.75,     -3.565875, , 
        -30.5,     -2.849111, ,        -22.25,     -3.130464, ,        -23.75,     -3.137159, ,        -20.75,       -3.2544, ,        -21.25,     -3.420822, ,         -18.5,     -3.637988, , 
       -30.25,     -2.856436, ,           -22,     -3.136529, ,         -23.5,     -3.147327, ,         -20.5,     -3.255087, ,           -21,     -3.434957, ,        -18.25,     -3.488417, , 
          -30,     -2.863654, ,        -21.75,     -3.143721, ,        -23.25,     -3.156343, ,        -20.25,     -3.258442, ,        -20.75,     -3.450692, ,           -18,      -3.49908, , 
       -29.75,     -2.870866, ,         -21.5,     -3.151849, ,           -23,     -3.161943, ,           -20,      -3.26566, ,         -20.5,      -3.46808, ,        -17.75,     -3.529224, , 
        -29.5,      -2.87814, ,        -21.25,     -3.161626, ,        -22.75,      -3.16938, ,        -19.75,     -3.275664, ,        -20.25,      -3.48843, ,         -17.5,       -3.6295, , 
       -29.25,     -2.885518, ,           -21,     -3.175291, ,         -22.5,     -3.180083, ,         -19.5,      -3.28847, ,           -20,     -3.511262, ,        -17.25,      -3.69196, , 
          -29,     -2.893025, ,        -20.75,     -3.188774, ,        -22.25,     -3.193331, ,        -19.25,     -3.304718, ,        -19.75,     -3.542454, ,           -17,     -3.758873, , 
       -28.75,     -2.900801, ,         -20.5,     -3.205662, ,           -22,     -3.209642, ,           -19,     -3.326002, ,         -19.5,     -3.589243, ,        -16.75,     -3.832445, , 
        -28.5,     -2.908592, ,        -20.25,     -3.226231, ,        -21.75,      -3.22857, ,        -18.75,     -3.388391, ,        -19.25,     -3.657829, ,         -16.5,     -3.914837, , 
       -28.25,     -2.916574, ,           -20,     -3.250143, ,         -21.5,     -3.250284, ,         -18.5,     -3.433972, ,           -19,      -3.75724, ,        -16.25,     -4.008418, , 
          -28,     -2.924738, ,        -19.75,     -3.277533, ,        -21.25,     -3.274705, ,        -18.25,     -3.482641, ,        -18.75,     -3.905708, ,           -16,     -4.110556, , 
       -27.75,     -2.933034, ,         -19.5,     -3.308672, ,           -21,     -3.301384, ,           -18,     -3.540503, ,         -18.5,     -4.184075, ,        -15.75,     -4.332286, , 
        -27.5,     -2.941693, ,        -19.25,     -3.374606, ,        -20.75,     -3.330067, ,        -17.75,     -3.666672, ,           -18,     -9.274123, ,         -15.5,     -15.82126, , 
       -27.25,     -2.950382, ,           -19,      -3.37126, ,         -20.5,     -3.361999, ,         -17.5,     -3.649961, ,        -17.75,     -10.25588, ,        -15.25,     -17.64091, , 
          -27,     -2.960884, ,        -18.75,     -3.371828, ,        -20.25,     -3.397425, ,        -17.25,     -3.643595, ,         -17.5,     -11.35522, ,           -15,     -19.48736, , 
       -26.75,     -2.972543, ,         -18.5,     -3.378032, ,           -20,     -3.436785, ,           -17,     -3.652936, ,        -17.25,     -12.56613, ,        -14.75,     -21.34407, , 
        -26.5,       -2.9843, ,        -18.25,     -3.391646, ,        -19.75,     -3.488028, ,        -16.75,      -3.67688, ,           -17,     -13.94181, ,         -14.5,     -23.10169, , 
       -26.25,     -2.996484, ,           -18,     -3.418109, ,         -19.5,      -3.56128, ,         -16.5,     -3.715884, ,        -16.75,     -15.47754, ,        -14.25,     -24.72061, , 
          -26,     -3.008937, ,        -17.75,     -3.518489, ,        -19.25,     -3.656119, ,        -16.25,     -3.779979, ,         -16.5,     -17.12723, ,           -14,     -26.10595, , 
       -25.75,     -3.026511, ,         -17.5,     -3.569767, ,           -19,     -3.751421, ,           -16,     -3.928903, ,        -16.25,     -19.00519, ,        -13.75,     -30.37713, , 
        -25.5,     -3.038308, ,        -17.25,     -3.626279, ,        -18.75,     -3.850279, ,        -15.75,     -4.021512, ,           -16,       -21.391, ,         -13.5,     -34.22424, , 
       -25.25,     -3.048579, ,           -17,     -3.688047, ,         -18.5,      -3.96709, ,         -15.5,      -4.13016, ,        -15.75,     -24.02135, ,        -13.25,     -36.66537, , 
          -25,     -3.059052, ,        -16.75,     -3.768007, ,           -18,     -7.822886, ,        -15.25,     -4.258483, ,         -15.5,     -26.81263, ,           -13,     -38.30398, , 
       -24.75,     -3.070385, ,         -16.5,     -3.760357, ,        -17.75,     -8.895523, ,           -15,     -4.410688, ,        -15.25,     -29.62704, ,        -12.75,     -39.63442, , 
        -24.5,     -3.082416, ,        -16.25,      -3.74907, ,         -17.5,     -9.990165, ,         -14.5,     -21.15077, ,           -15,     -32.32077, ,         -12.5,     -40.92152, , 
       -24.25,       -3.0948, ,           -16,     -3.761264, ,        -17.25,     -11.12995, ,        -14.25,     -22.80146, ,        -14.75,     -34.76749, ,        -12.25,     -42.15718, , 
          -24,     -3.107223, ,        -15.75,     -3.803361, ,           -17,     -12.38168, ,           -14,     -24.44945, ,         -14.5,     -36.97837, ,           -12,     -43.34662, , 
       -23.75,     -3.119479, ,           -15,     -4.217759, ,        -16.75,     -13.77089, ,        -13.75,     -26.09459, ,        -14.25,     -38.98083, ,        -11.75,     -44.48378, , 
        -22.5,     -3.203892, ,        -14.75,     -4.360609, ,         -16.5,     -15.25202, ,         -13.5,      -27.7459, ,           -14,     -40.82226, ,         -11.5,     -45.55072, , 
       -22.25,     -3.210262, ,         -14.5,     -4.529461, ,        -16.25,     -16.87917, ,        -13.25,     -29.40753, ,        -13.75,     -42.54634, ,        -11.25,     -46.51728, , 
          -22,     -3.220015, ,        -14.25,     -4.732096, ,           -16,     -18.58237, ,           -13,     -31.08141, ,         -13.5,     -44.18472, ,           -11,     -47.32428, , 
       -21.75,     -3.232261, ,           -13,     -26.04945, ,        -15.75,      -20.3961, ,        -12.75,     -32.66328, ,        -13.25,     -45.77739, ,        -10.75,     -47.91758, , 
        -21.5,     -3.246848, ,        -12.75,     -28.17668, ,         -15.5,      -22.2506, ,         -12.5,     -34.11874, ,           -13,     -47.28179, ,         -10.5,     -49.34624, , 
       -21.25,     -3.263834, ,         -12.5,     -29.73494, ,        -15.25,     -24.17216, ,        -12.25,     -35.40589, ,        -12.75,     -48.67877, ,        -10.25,     -53.13465, , 
          -21,     -3.284004, ,        -12.25,     -30.97335, ,           -15,     -26.11599, ,           -12,     -36.48589, ,         -12.5,     -49.97143, ,           -10,     -54.48103, , 
       -20.75,     -3.308886, ,           -12,     -32.08457, ,        -14.75,       -28.095, ,        -11.75,      -37.3426, ,        -12.25,     -51.14232, ,         -9.75,     -55.08074, , 
        -20.5,     -3.342182, ,        -11.75,     -33.15956, ,         -14.5,     -30.08643, ,         -11.5,     -37.95204, ,           -12,      -52.1776, ,          -9.5,     -55.57665, , 
       -20.25,     -3.393346, ,         -11.5,     -34.24086, ,        -14.25,     -32.07474, ,        -11.25,     -42.11036, ,        -11.75,     -53.09898, ,         -9.25,     -55.91263, , 
          -20,     -3.469899, ,        -11.25,     -35.35134, ,           -14,     -34.05786, ,           -11,     -44.22823, ,         -11.5,     -53.90139, ,            -9,     -55.78622, , 
       -19.75,     -3.546626, ,           -11,     -36.43806, ,        -13.75,     -35.96705, ,        -10.75,     -45.42417, ,        -11.25,     -54.58638, ,         -8.75,     -58.05925, , 
        -19.5,     -3.588044, ,        -10.75,     -37.45108, ,         -13.5,     -37.78474, ,         -10.5,      -46.2898, ,           -11,     -56.34825, ,          -8.5,     -58.83593, , 
       -19.25,      -3.60652, ,         -10.5,     -38.27069, ,        -13.25,     -39.49899, ,        -10.25,      -47.0881, ,        -10.75,     -57.56434, ,         -8.25,      -58.9763, , 
          -19,     -3.626818, ,        -10.25,     -38.73951, ,           -13,     -41.09245, ,           -10,     -47.84992, ,         -10.5,     -58.37861, ,            -8,     -58.92987, , 
       -18.75,     -3.653117, ,           -10,     -42.17924, ,        -12.75,     -42.55123, ,         -9.75,     -48.44586, ,        -10.25,      -58.9988, ,         -7.75,      -60.2356, , 
        -18.5,     -3.683165, ,         -9.75,      -43.1689, ,         -12.5,     -43.87099, ,          -9.5,     -48.64333, ,           -10,     -59.48166, ,          -7.5,      -60.8617, , 
       -18.25,     -3.724457, ,          -9.5,     -43.51062, ,        -12.25,     -45.05361, ,         -9.25,     -51.32012, ,         -9.75,     -59.85497, ,         -7.25,     -60.71491, , 
          -18,     -3.777673, ,         -9.25,      -43.8015, ,           -12,     -46.10109, ,            -9,     -52.19572, ,          -9.5,     -60.12699, ,            -7,     -61.41279, , 
       -17.75,       -3.8262, ,            -9,     -43.93131, ,        -11.75,     -48.16227, ,         -8.75,     -52.41594, ,         -9.25,     -60.23154, ,         -6.75,     -61.55474, , 
        -17.5,     -3.886435, ,         -8.75,     -46.21534, ,         -11.5,     -49.82377, ,          -8.5,     -52.62192, ,            -9,     -60.91381, ,          -6.5,     -61.74273, , 
       -17.25,     -3.977652, ,          -8.5,     -47.30377, ,        -11.25,      -50.9918, ,         -8.25,     -52.71533, ,         -8.75,     -61.38469, ,         -6.25,     -61.55847, , 
          -17,     -4.122586, ,         -8.25,     -47.75142, ,           -11,     -51.88955, ,            -8,     -55.10577, ,          -8.5,     -61.56437, ,            -6,     -61.87558, , 
       -16.75,     -4.410734, ,            -8,      -47.9411, ,        -10.75,     -52.63799, ,         -7.75,     -55.42949, ,         -8.25,     -61.57051, ,         -5.75,     -61.86159, , 
        -16.5,     -10.71693, ,         -7.75,     -49.61578, ,         -10.5,     -53.29282, ,          -7.5,     -55.32358, ,            -8,     -61.41605, ,          -5.5,     -61.70495, , 
       -16.25,     -12.06193, ,          -7.5,     -50.13191, ,        -10.25,     -53.87783, ,         -7.25,     -56.65118, ,         -7.75,     -61.71009, ,         -5.25,     -61.44014, , 
          -16,      -13.4826, ,         -7.25,     -49.84105, ,           -10,     -54.37572, ,            -7,      -56.7748, ,          -7.5,      -61.7919, ,            -5,     -60.38464, , 
       -15.75,     -14.98919, ,            -7,      -51.2436, ,         -9.75,     -54.70648, ,         -6.75,     -57.24862, ,         -7.25,     -61.61079, ,         -4.75,     -59.09143, , 
        -15.5,      -16.5732, ,         -6.75,     -51.09127, ,          -9.5,     -55.45559, ,          -6.5,     -57.24429, ,            -7,     -61.23625, ,          -4.5,     -57.07363, , 
       -15.25,     -18.24867, ,          -6.5,      -52.1301, ,         -9.25,      -56.1978, ,         -6.25,     -57.80389, ,         -6.75,     -61.02864, ,         -4.25,     -55.58343, , 
          -15,     -19.96866, ,         -6.25,     -52.65212, ,            -9,     -56.54553, ,            -6,     -57.96752, ,          -6.5,     -59.96211, ,            -4,     -53.42545, , 
       -14.75,     -21.74606, ,            -6,     -52.96529, ,         -8.75,     -56.75417, ,         -5.75,     -58.01688, ,         -6.25,     -59.06431, ,         -3.75,     -50.93584, , 
        -14.5,     -23.53615, ,         -5.75,     -53.28612, ,          -8.5,     -56.85554, ,          -5.5,     -58.05797, ,            -6,     -57.78756, ,          -3.5,     -48.15673, , 
       -14.25,     -25.33088, ,          -5.5,     -53.53915, ,         -8.25,     -57.02417, ,         -5.25,     -58.05145, ,         -5.75,     -56.65461, ,         -3.25,     -45.57697, , 
          -14,     -27.09113, ,         -5.25,     -53.54885, ,            -8,     -57.51707, ,            -5,     -57.80835, ,          -5.5,     -55.34721, ,            -3,     -42.47838, , 
       -13.75,     -28.79492, ,            -5,     -53.45287, ,         -7.75,      -57.6384, ,         -4.75,     -57.30697, ,         -5.25,     -53.95303, ,         -2.75,     -39.16286, , 
        -13.5,     -30.42725, ,         -4.75,     -53.28176, ,          -7.5,     -57.51053, ,          -4.5,     -56.55425, ,            -5,     -52.71828, ,          -2.5,     -36.49769, , 
       -13.25,     -32.78473, ,          -4.5,     -52.72835, ,         -7.25,     -57.39136, ,            -4,     -52.39245, ,         -4.75,      -51.2163, ,         -2.25,     -33.19359, , 
          -13,     -35.04131, ,         -4.25,     -52.03516, ,            -7,     -57.49538, ,         -3.75,     -50.09796, ,          -4.5,     -49.56882, ,            -2,     -30.25384, , 
       -12.75,      -36.9611, ,            -4,     -51.11275, ,         -6.75,     -57.20373, ,          -3.5,     -47.59097, ,         -4.25,     -48.15214, ,         -1.75,     -26.85841, , 
        -12.5,     -38.58267, ,         -3.75,     -49.89993, ,          -6.5,      -57.1332, ,         -3.25,     -44.45234, ,            -4,     -46.30593, ,          -1.5,     -23.61016, , 
       -12.25,     -39.97028, ,          -3.5,     -47.21683, ,         -6.25,     -56.53783, ,            -3,     -41.64554, ,         -3.75,     -44.50766, ,         -1.25,     -20.04418, , 
          -12,     -41.17961, ,         -3.25,     -44.31363, ,            -6,     -55.55683, ,         -2.75,     -38.44643, ,          -3.5,     -42.60397, ,            -1,     -16.27714, , 
       -11.75,     -42.27496, ,            -3,     -41.26647, ,         -5.75,      -54.2337, ,          -2.5,     -34.83187, ,         -3.25,     -40.63177, ,         -0.75,     -12.38836, , 
        -11.5,     -43.28659, ,         -2.75,     -37.89444, ,          -5.5,     -53.10526, ,         -2.25,     -31.76568, ,            -3,     -38.42244, ,         -0.25,     -4.188546, , 
       -11.25,      -44.2445, ,          -2.5,     -34.89473, ,         -5.25,     -51.92359, ,            -2,     -28.36288, ,         -2.75,      -36.0872, ,             0,  4.821538e-08, , 
          -11,     -45.14142, ,         -2.25,     -31.28351, ,            -5,     -50.44329, ,         -1.75,     -25.06843, ,          -2.5,     -33.53714, ,          0.25,      4.188556, , 
       -10.75,     -45.95528, ,            -2,     -27.13145, ,         -4.75,     -48.98241, ,          -1.5,     -21.72873, ,         -2.25,     -30.77512, ,          0.75,      12.38845, , 
        -10.5,     -46.63611, ,         -1.75,     -24.02221, ,          -4.5,     -47.75676, ,         -1.25,     -18.44789, ,            -2,     -27.83166, ,             1,      16.27727, , 
       -10.25,     -47.24686, ,          -1.5,     -20.15983, ,         -4.25,     -46.04791, ,            -1,     -14.87842, ,         -1.75,      -24.7292, ,          1.25,      20.04433, , 
          -10,     -48.64465, ,         -1.25,     -16.96074, ,            -4,     -44.34237, ,         -0.75,     -11.33948, ,          -1.5,     -21.45322, ,           1.5,      23.61027, , 
        -9.75,     -49.26246, ,            -1,     -13.28658, ,         -3.75,     -42.51794, ,          -0.5,     -7.648772, ,         -1.25,     -18.03409, ,          1.75,      26.85861, , 
         -9.5,     -49.65805, ,         -0.75,     -10.16582, ,          -3.5,     -40.50996, ,         -0.25,     -3.833698, ,          -0.5,     -7.354534, ,             2,      30.25397, , 
        -9.25,     -50.04205, ,          -0.5,     -6.739059, ,         -3.25,      -38.5925, ,             0,  5.039935e-07, ,         -0.25,     -3.693049, ,          2.25,      33.19417, , 
           -9,     -50.37676, ,         -0.25,     -3.290966, ,            -3,     -36.33403, ,          0.25,      3.833691, ,             0, -1.971087e-06, ,           2.5,      36.49811, , 
        -8.75,     -50.90002, ,             0, -2.956749e-06, ,         -2.75,     -34.06871, ,           0.5,       7.64875, ,          0.25,      3.693069, ,          2.75,      39.16493, , 
         -8.5,     -51.64182, ,          0.25,      3.290951, ,          -2.5,     -31.60167, ,          0.75,      11.33944, ,           0.5,      7.354615, ,             3,       42.4808, , 
        -8.25,     -51.96214, ,           0.5,       6.73891, ,         -2.25,     -28.98062, ,             1,      14.87833, ,             1,      14.52379, ,          3.25,      45.57926, , 
           -8,     -52.06607, ,          0.75,      10.16549, ,            -2,     -26.25935, ,          1.25,      18.44767, ,          1.25,      18.03456, ,           3.5,      48.15404, , 
        -7.75,     -51.98155, ,             1,       13.2863, ,         -1.75,     -23.35104, ,           1.5,       21.7286, ,           1.5,      21.45387, ,          3.75,      50.94314, , 
         -7.5,     -52.46165, ,          1.25,      16.95997, ,          -1.5,     -20.28738, ,          1.75,      25.06786, ,          1.75,      24.73007, ,             4,       53.4335, , 
        -7.25,      -52.4542, ,           1.5,      20.15967, ,         -1.25,     -17.10473, ,             2,      28.36298, ,             2,      27.83273, ,          4.25,       55.5913, , 
           -7,     -52.37604, ,          1.75,      24.02163, ,            -1,     -13.80571, ,          2.25,      31.76522, ,          2.25,      30.77638, ,           4.5,       57.0874, , 
        -6.75,     -52.45287, ,             2,      27.13298, ,         -0.75,     -10.40398, ,           2.5,       34.8338, ,           2.5,      33.53857, ,          4.75,       59.1048, , 
        -6.25,     -52.10536, ,          2.25,      31.28545, ,          -0.5,     -6.949218, ,          2.75,      38.44879, ,          2.75,      36.08881, ,             5,      60.39866, , 
           -6,     -51.73629, ,           2.5,      34.89621, ,         -0.25,     -3.484299, ,             3,      41.64726, ,             3,       38.4242, ,          5.25,      61.44193, , 
        -5.75,     -51.52446, ,          2.75,      37.90067, ,             0,    -7.892e-07, ,          3.25,      44.45934, ,          3.25,      40.63355, ,           5.5,      61.70654, , 
        -5.25,     -49.54063, ,             3,      41.27305, ,          0.25,      3.484322, ,           3.5,      47.59852, ,           3.5,      42.60594, ,          5.75,      61.86253, , 
           -5,     -48.25728, ,          3.25,      44.31956, ,          0.75,      10.40413, ,          3.75,      50.10563, ,          3.75,      44.50972, ,             6,      61.87531, , 
        -4.75,     -46.98869, ,           3.5,      47.22874, ,             1,      13.80598, ,             4,      52.40581, ,             4,      46.30851, ,          6.25,       61.5563, , 
         -4.5,     -45.48301, ,          3.75,       49.8999, ,          1.25,      17.10514, ,           4.5,       56.5679, ,          4.25,      48.15464, ,           6.5,       61.7444, , 
        -4.25,     -43.90908, ,             4,      51.11429, ,           1.5,      20.28795, ,             5,       57.8086, ,           4.5,      49.57261, ,          6.75,      61.55411, , 
           -4,     -42.20634, ,          4.25,      52.03781, ,          1.75,      23.35172, ,          5.25,      58.05303, ,          4.75,       51.2202, ,             7,      61.41477, , 
        -3.75,      -40.3098, ,           4.5,      52.72742, ,             2,       26.2602, ,           5.5,      58.06038, ,             5,      52.72189, ,          7.25,      60.71482, , 
         -3.5,     -38.50632, ,          4.75,      53.28264, ,          2.25,      28.98162, ,          5.75,      58.01926, ,          5.25,       53.9594, ,           7.5,      60.86302, , 
        -3.25,     -36.36164, ,             5,      53.45552, ,           2.5,      31.60274, ,             6,      57.96928, ,           5.5,      55.35382, ,          7.75,      60.23982, , 
           -3,     -34.10127, ,          5.25,      53.54818, ,          2.75,      34.06989, ,          6.25,      57.80426, ,          5.75,      56.66139, ,             8,      58.93198, , 
        -2.75,     -31.77561, ,           5.5,      53.53999, ,             3,      36.33523, ,           6.5,      57.24305, ,             6,      57.79381, ,          8.25,      58.97957, , 
         -2.5,     -29.33666, ,          5.75,      53.28806, ,          3.25,      38.59386, ,          6.75,       57.2509, ,          6.25,      59.07425, ,           8.5,      58.84005, , 
        -2.25,     -26.82126, ,             6,      52.96754, ,           3.5,      40.51117, ,             7,       56.7749, ,           6.5,      59.97237, ,          8.75,      58.06453, , 
           -2,      -24.2268, ,          6.25,      52.65367, ,          3.75,      42.51996, ,          7.25,      56.65357, ,          6.75,      61.03863, ,             9,      55.79357, , 
        -1.75,     -21.45305, ,           6.5,      52.13048, ,             4,      44.34403, ,           7.5,      55.32465, ,             7,      61.23691, ,          9.25,      55.92066, , 
         -1.5,     -18.64939, ,          6.75,      51.09905, ,          4.25,      46.05156, ,          7.75,      55.43203, ,          7.25,       61.6109, ,           9.5,      55.58547, , 
        -1.25,     -15.75533, ,             7,      51.24498, ,           4.5,      47.76031, ,             8,       55.1093, ,           7.5,      61.79294, ,          9.75,      55.09053, , 
           -1,     -12.74418, ,          7.25,       49.8416, ,          4.75,      48.98501, ,          8.25,      52.72164, ,          7.75,      61.71216, ,            10,      54.49092, , 
        -0.75,     -9.643715, ,           7.5,      50.13416, ,             5,      50.44948, ,           8.5,      52.62694, ,             8,      61.41804, ,         10.25,      53.14046, , 
        -0.25,     -3.255382, ,          7.75,      49.61962, ,          5.25,      51.92979, ,          8.75,      52.42202, ,          8.25,      61.57334, ,          10.5,      49.32864, , 
            0,  7.110478e-06, ,             8,       47.9447, ,           5.5,      53.11129, ,             9,      52.20283, ,           8.5,      61.56806, ,         10.75,      47.93383, , 
         0.25,      3.255393, ,          8.25,      47.75599, ,          5.75,      54.24282, ,          9.25,      51.32496, ,          8.75,       61.3895, ,            11,      47.34075, , 
          0.5,         6.483, ,           8.5,      47.30901, ,             6,       55.5663, ,           9.5,      48.65381, ,             9,      60.91964, ,         11.25,      46.53431, , 
         0.75,      9.643802, ,          8.75,      46.21922, ,          6.25,      56.54768, ,          9.75,      48.45612, ,          9.25,      60.23893, ,          11.5,      45.56874, , 
            1,       12.7443, ,             9,      43.93891, ,           6.5,      57.13335, ,            10,      47.86023, ,           9.5,       60.1354, ,         11.75,      44.50381, , 
         1.25,      15.75555, ,          9.25,      43.80947, ,          6.75,      57.20319, ,         10.25,      47.09918, ,          9.75,      59.86441, ,            12,       43.3715, , 
          1.5,      18.64966, ,           9.5,       43.5195, ,             7,      57.49597, ,          10.5,      46.30196, ,            10,      59.49211, ,         12.25,      42.18747, , 
         1.75,      21.45333, ,          9.75,       43.1783, ,          7.25,      57.39303, ,         10.75,       45.4368, ,         10.25,      59.01009, ,          12.5,      40.95758, , 
            2,      24.22709, ,            10,      42.18337, ,           7.5,       57.5118, ,            11,      44.23744, ,          10.5,      58.39066, ,         12.75,      39.67838, , 
         2.25,      26.82166, ,         10.25,      38.75083, ,          7.75,      57.64058, ,         11.25,      42.10575, ,         10.75,      57.57658, ,            13,      38.35278, , 
          2.5,      29.33696, ,          10.5,      38.28081, ,             8,      57.52005, ,          11.5,      37.97328, ,            11,      56.35869, ,         13.25,      36.70519, , 
         2.75,      31.77625, ,         10.75,      37.46031, ,          8.25,      57.02819, ,         11.75,       37.3658, ,         11.25,      54.60428, ,          13.5,      34.22095, , 
            3,       34.1015, ,            11,      36.44709, ,           8.5,      56.85998, ,            12,      36.51026, ,          11.5,      53.92077, ,         13.75,      30.27425, , 
         3.25,      36.36314, ,         11.25,      35.36076, ,          8.75,      56.75973, ,         12.25,      35.43096, ,         11.75,      53.12001, ,            14,      26.20259, , 
          3.5,      38.50746, ,          11.5,      34.25184, ,             9,      56.55212, ,          12.5,       34.1448, ,            12,      52.20064, ,         14.25,      24.80981, , 
         3.75,        40.313, ,         11.75,      33.17286, ,          9.25,      56.20528, ,         12.75,      32.69097, ,         12.25,      51.16803, ,          14.5,      23.18209, , 
            4,      42.20959, ,            12,      32.10152, ,           9.5,      55.46281, ,            13,      31.11167, ,          12.5,      50.00271, ,         14.75,       21.4105, , 
         4.25,      43.91134, ,         12.25,      30.99328, ,          9.75,       54.7169, ,         13.25,      29.44392, ,         12.75,        48.716, ,            15,      19.54422, , 
          4.5,      45.48905, ,          12.5,      29.75348, ,            10,      54.38669, ,          13.5,      27.79079, ,            13,      47.32564, ,         15.25,      17.69003, , 
         4.75,      46.99452, ,         12.75,      28.18288, ,         10.25,      53.88973, ,         13.75,      26.14901, ,         13.25,      45.82871, ,          15.5,      15.86196, , 
            5,      48.26304, ,            13,      26.02827, ,          10.5,      53.30581, ,            14,      24.51165, ,          13.5,      44.24584, ,         15.75,      14.09679, , 
         5.25,      49.54973, ,         13.25,      23.36154, ,         10.75,      52.65214, ,         14.25,      22.87156, ,         13.75,      42.61792, ,            16,      12.39065, , 
          5.5,      50.77746, ,          13.5,      20.66007, ,            11,      51.90474, ,          14.5,      21.22365, ,            14,      40.90277, ,         16.25,      10.69114, , 
         5.75,      51.52358, ,         13.75,       18.2279, ,         11.25,      51.00751, ,         14.75,      19.54928, ,         14.25,      39.06894, ,          16.5,      8.791052, , 
            6,      51.73682, ,            14,      16.12604, ,          11.5,      49.83846, ,            15,      17.85757, ,          14.5,      37.07292, ,         16.75,      3.835159, , 
         6.25,      52.10525, ,         14.25,      14.29859, ,         11.75,      48.17249, ,         15.25,      16.11829, ,         14.75,      34.85954, ,            17,      3.760855, , 
          6.5,      52.11426, ,          14.5,      12.70572, ,            12,      46.12999, ,          15.5,      14.38347, ,            15,       32.4012, ,         17.25,      3.693126, , 
         6.75,      52.45346, ,         14.75,      11.31314, ,         12.25,      45.08688, ,         15.75,      12.53146, ,         15.25,      29.69024, ,          17.5,      3.629748, , 
            7,       52.3778, ,            15,      10.03487, ,          12.5,      43.90861, ,         16.75,      3.681406, ,          15.5,      26.85663, ,         17.75,      3.527675, , 
         7.25,      52.45557, ,         15.25,      8.653524, ,         12.75,      42.59397, ,            17,      3.657487, ,         15.75,      24.04634, ,            18,      3.499852, , 
          7.5,      52.46394, ,         15.75,      3.809318, ,            13,      41.14083, ,         17.25,        3.6483, ,            16,      21.39979, ,         18.25,      3.488923, , 
         7.75,      51.98823, ,            16,      3.768416, ,         13.25,      39.55357, ,          17.5,      3.655019, ,         16.25,      19.03866, ,          18.5,      3.485175, , 
            8,      52.06942, ,         16.25,      3.757309, ,          13.5,      37.84558, ,         17.75,      3.670723, ,          16.5,      17.21898, ,         18.75,      3.486322, , 
         8.25,      51.96644, ,          16.5,      3.768709, ,         13.75,      36.03392, ,            18,      3.538515, ,         16.75,      15.55637, ,            19,      3.488217, , 
          8.5,      51.64699, ,         16.75,      3.774865, ,            14,      34.13234, ,         18.25,      3.480008, ,            17,      14.01406, ,         19.75,      3.308139, , 
         8.75,      50.90546, ,            17,      3.771394, ,         14.25,      32.15655, ,          18.5,      3.430763, ,         17.25,      12.62649, ,            20,      3.278309, , 
            9,       50.3841, ,         17.25,       3.62697, ,          14.5,      30.17401, ,         18.75,      3.381713, ,          17.5,      11.40563, ,         20.25,      3.251307, , 
         9.25,      50.05029, ,          17.5,       3.56972, ,         14.75,      28.19098, ,            19,      3.321513, ,         17.75,      10.29724, ,          20.5,      3.227388, , 
          9.5,      49.66729, ,         17.75,      3.517652, ,            15,      26.21476, ,         19.25,      3.299623, ,            18,      9.306231, ,         20.75,      3.208337, , 
         9.75,      49.27255, ,            18,      3.416415, ,         15.25,      24.27422, ,          19.5,      3.282757, ,         18.25,      8.425842, ,            21,      3.192674, , 
           10,      48.65454, ,         18.25,      3.390213, ,          15.5,      22.35006, ,         19.75,      3.269151, ,          18.5,      7.621081, ,         21.25,       3.17936, , 
        10.25,      47.25179, ,          18.5,      3.376212, ,         15.75,      20.49279, ,            20,      3.258183, ,         18.75,      6.841899, ,          21.5,      3.167356, , 
         10.5,      46.65009, ,         18.75,      3.369494, ,            16,      18.67144, ,         20.25,      3.249826, ,            19,      5.649816, ,         21.75,      3.153966, , 
        10.75,      45.96996, ,            19,      3.368367, ,         16.25,      16.96015, ,          20.5,      3.244874, ,          20.5,      3.460196, ,            22,      3.138633, , 
           11,      45.15719, ,         19.25,      3.371077, ,          16.5,       15.3232, ,         20.75,      3.242975, ,         20.75,      3.442092, ,         22.25,      3.129652, , 
        11.25,      44.26191, ,          19.5,      3.302111, ,         16.75,      13.83244, ,            21,      3.241707, ,            21,      3.424773, ,          22.5,      3.122143, , 
         11.5,      43.30635, ,         19.75,       3.27015, ,            17,      12.43584, ,         21.25,      3.230973, ,         21.25,      3.408574, ,         22.75,      3.115878, , 
        11.75,      42.29879, ,            20,      3.241913, ,         17.25,      11.17581, ,          21.5,      3.166186, ,          21.5,      3.389516, ,            23,      3.110838, , 
           12,       41.2076, ,         20.25,      3.217128, ,          17.5,      10.02882, ,         21.75,       3.15153, ,         21.75,      3.360979, ,         23.25,       3.10714, , 
        12.25,      40.00143, ,          20.5,      3.194824, ,         17.75,      8.929218, ,            22,      3.138029, ,            22,      3.329901, ,          23.5,      3.104832, , 
         12.5,       38.6162, ,         20.75,      3.176178, ,            18,      7.850546, ,         22.25,      3.125805, ,         22.25,      3.303595, ,         23.75,      3.103798, , 
        12.75,      36.99399, ,            21,      3.161083, ,          18.5,      3.964393, ,          22.5,      3.114944, ,          22.5,      3.216606, ,            24,      3.103575, , 
           13,      35.07024, ,         21.25,      3.146364, ,         18.75,      3.846883, ,         22.75,      3.104777, ,         22.75,      3.212976, ,         24.25,      3.102528, , 
        13.25,      32.80435, ,          21.5,      3.135677, ,            19,      3.746756, ,            23,      3.093236, ,            23,      3.216996, ,          24.5,      3.048466, , 
         13.5,      30.49078, ,         21.75,      3.126604, ,         19.25,      3.649659, ,         23.25,      3.082538, ,         23.25,       3.21586, ,         24.75,       3.03133, , 
        13.75,      28.86123, ,            22,      3.118594, ,          19.5,      3.553804, ,          23.5,      3.071981, ,          23.5,      3.200588, ,            25,      3.015371, , 
           14,      27.15834, ,         22.25,      3.111488, ,         19.75,      3.480605, ,         23.75,      3.060438, ,         23.75,      3.175309, ,         25.25,      3.000988, , 
        14.25,      25.39966, ,          22.5,      3.106657, ,            20,      3.429159, ,            24,      3.052582, ,            24,      3.158341, ,          25.5,      2.987117, , 
         14.5,      23.60319, ,         22.75,      3.104328, ,         20.25,      3.388846, ,         24.25,      3.047337, ,         24.25,       3.14095, ,         25.75,      2.974533, , 
        14.75,      21.81059, ,            23,      3.104077, ,          20.5,      3.352295, ,          24.5,      3.044381, ,          24.5,      3.121389, ,            26,       2.96317, , 
           15,      20.02866, ,         23.25,      3.103895, ,         20.75,      3.318206, ,         24.75,      3.042858, ,         24.75,      3.096308, ,         26.25,      2.951073, , 
        15.25,       18.3036, ,          23.5,      3.098753, ,            21,       3.28779, ,            25,      3.041495, ,            25,      3.073785, ,          26.5,      2.940585, , 
         15.5,      16.62098, ,         23.75,       3.04344, ,         21.25,      3.259676, ,         25.25,      3.037142, ,         25.25,      3.056267, ,         26.75,      2.930901, , 
        15.75,      15.03006, ,            24,       3.03144, ,          21.5,      3.234066, ,          25.5,      2.985725, ,          25.5,      3.042348, ,            27,      2.921936, , 
           16,      13.51594, ,         24.25,      3.020327, ,         21.75,      3.211373, ,         25.75,       2.97119, ,         25.75,      3.030374, ,         27.25,       2.91313, , 
        16.25,      12.08705, ,          24.5,      3.010288, ,            22,      3.191498, ,            26,      2.957635, ,            26,      3.018582, ,          27.5,      2.904677, , 
         16.5,      10.73349, ,         24.75,      3.001757, ,         22.25,      3.174416, ,         26.25,      2.944918, ,         26.25,      3.006343, ,         27.75,      2.896515, , 
        16.75,      9.397744, ,            25,      2.995143, ,          22.5,      3.160196, ,          26.5,      2.932796, ,          26.5,      2.992882, ,            28,      2.888372, , 
           17,       7.95898, ,         25.25,      2.983036, ,         22.75,      3.148775, ,         26.75,      2.920986, ,         26.75,       2.97695, ,         28.25,      2.880682, , 
         17.5,      3.888739, ,          25.5,       2.97322, ,            23,       3.14022, ,            27,      2.909802, ,            27,       2.95784, ,          28.5,      2.873157, , 
        17.75,      3.828628, ,         25.75,      2.964446, ,         23.25,      3.133753, ,         27.25,        2.8993, ,         27.25,      2.937906, ,         28.75,      2.865723, , 
           18,      3.778543, ,            26,       2.95641, ,          23.5,      3.123123, ,          27.5,      2.889277, ,          27.5,       2.92023, ,            29,      2.858265, , 
        18.25,      3.724658, ,         26.25,      2.948952, ,         23.75,      3.112118, ,         27.75,      2.879695, ,         27.75,      2.905378, ,         29.25,      2.850543, , 
         18.5,      3.682924, ,          26.5,      2.941933, ,            24,      3.102956, ,            28,      2.870347, ,            28,      2.895157, ,          29.5,      2.842092, , 
        18.75,       3.65243, ,         26.75,      2.935138, ,         24.25,      3.096141, ,         28.25,      2.860587, ,         28.25,      2.886337, ,         29.75,      2.831168, , 
           19,      3.625109, ,            27,       2.92821, ,          24.5,      3.092084, ,          28.5,      2.850229, ,          28.5,      2.874074, ,            30,      2.791855, , 
        19.25,       3.60406, ,         27.25,      2.920264, ,         24.75,      3.090945, ,         28.75,      2.839894, ,         28.75,      2.862223, ,         30.25,       2.78092, , 
         19.5,      3.584355, ,          27.5,      2.908865, ,            25,      3.092018, ,            29,      2.829765, ,            29,      2.850028, ,          30.5,      2.769957, , 
        19.75,      3.539021, ,         28.25,      2.836272, ,         25.25,      3.091595, ,         29.25,      2.820043, ,         29.25,      2.838089, ,         30.75,       2.75889, , 
           20,      3.459238, ,          28.5,      2.825436, ,          25.5,      3.043898, ,          29.5,      2.810528, ,          29.5,      2.826356, ,            31,      2.747919, , 
        20.25,      3.383077, ,         28.75,      2.814978, ,         25.75,      3.019055, ,         29.75,      2.801124, ,         29.75,      2.815066, ,         31.25,       2.73705, , 
         20.5,      3.331052, ,            29,      2.805126, ,            26,      3.002178, ,            30,      2.792541, ,            30,      2.803813, ,          31.5,      2.726274, , 
        20.75,       3.29638, ,         29.25,      2.795507, ,         26.25,      2.986372, ,         30.25,      2.784466, ,         30.25,      2.792705, ,         31.75,      2.715564, , 
           21,      3.270209, ,          29.5,       2.78609, ,          26.5,      2.971401, ,          30.5,       2.77668, ,          30.5,      2.781358, ,            32,      2.704846, , 
        21.25,      3.248931, ,         29.75,      2.776857, ,         26.75,       2.95703, ,         30.75,      2.768675, ,         30.75,      2.770382, ,         32.25,      2.694064, , 
         21.5,      3.230936, ,            30,      2.767778, ,            27,      2.943356, ,            31,      2.760736, ,            31,      2.759022, ,          32.5,      2.683122, , 
        21.75,      3.215504, ,         30.25,      2.759003, ,         27.25,      2.930633, ,         31.25,      2.752816, ,         31.25,      2.747836, ,         32.75,      2.671744, , 
           22,      3.202433, ,          30.5,      2.751226, ,          27.5,      2.918803, ,          31.5,      2.744675, ,          31.5,        2.7362, ,            33,      2.660589, , 
        22.25,      3.191627, ,         30.75,      2.744353, ,         27.75,      2.909404, ,         31.75,      2.735592, ,         31.75,      2.726711, ,         33.25,      2.648906, , 
         22.5,      3.184413, ,            31,      2.737784, ,            28,      2.901937, ,            32,      2.722977, ,            32,      2.719454, ,          33.5,      2.638185, , 
        22.75,      3.117942, ,         31.25,      2.729424, ,         28.25,      2.890194, ,         32.25,      2.685037, ,         32.25,      2.713068, ,         33.75,      2.627919, , 
           23,      3.076468, ,          31.5,       2.71973, ,          28.5,      2.876951, ,          32.5,      2.674317, ,          32.5,       2.70722, ,            34,      2.618019, , 
        23.25,      3.036435, ,         31.75,      2.709304, ,         28.75,      2.864167, ,         32.75,      2.663557, ,         32.75,      2.701676, ,         34.25,      2.608409, , 
         23.5,      2.997889, ,            32,      2.698969, ,            29,       2.85153, ,            33,      2.652922, ,            33,      2.696141, ,          34.5,      2.599042, , 
        23.75,      2.960551, ,         32.25,      2.688934, ,         29.25,      2.839179, ,         33.25,      2.642054, ,         33.25,      2.690003, ,         34.75,      2.589881, , 
           24,      2.923957, ,          32.5,      2.679369, ,          29.5,      2.827004, ,          33.5,      2.631112, ,          33.5,      2.655946, ,            35,      2.580895, , 
        24.25,       2.89273, ,         32.75,      2.670356, ,         29.75,      2.814963, ,         33.75,      2.620266, ,         33.75,      2.642736, ,         35.25,      2.572014, , 
         24.5,      2.875653, ,            33,      2.661822, ,            30,      2.803071, ,            34,      2.609611, ,            34,      2.629708, ,          35.5,      2.563161, , 
        24.75,      2.860315, ,         33.25,      2.653527, ,         30.25,       2.79158, ,         34.25,      2.598928, ,         34.25,      2.616779, ,         35.75,      2.554173, , 
           25,      2.849506, ,          33.5,      2.644935, ,          30.5,      2.780407, ,          34.5,      2.588303, ,          34.5,      2.604229, ,            36,      2.544735, , 
        25.25,      2.839457, ,         33.75,      2.635056, ,         30.75,      2.769393, ,         34.75,      2.577651, ,         34.75,      2.592976, ,         36.25,      2.533871, , 
         25.5,      2.790533, ,            34,      2.620168, ,            31,      2.758313, ,            35,      2.566556, ,            35,      2.582738, ,          36.5,      2.503822, , 
        25.75,      2.751522, , , , ,         31.25,      2.747042, ,         35.25,      2.555398, ,         35.25,      2.571437, ,         36.75,      2.492225, , 
           26,      2.711046, , , , ,          31.5,      2.735788, ,          35.5,      2.544498, ,          35.5,      2.559608, ,            37,      2.480675, , 
        26.25,      2.674188, , , , ,         31.75,      2.724497, ,         35.75,      2.533725, ,         35.75,      2.547703, ,         37.25,      2.469204, , 
         26.5,      2.640248, , , , ,            32,      2.713064, ,            36,      2.523335, ,            36,      2.535763, ,          37.5,      2.457808, , 
        26.75,      2.608483, , , , ,         32.25,      2.701239, ,         36.25,      2.512754, ,         36.25,      2.523934, ,         37.75,      2.446477, , 
           27,      2.578539, , , , ,          32.5,      2.688408, ,          36.5,       2.50232, ,          36.5,      2.512225, ,            38,      2.435142, , 
        27.25,      2.550061, , , , ,         32.75,      2.677979, ,         36.75,      2.491851, ,         36.75,       2.50053, ,         38.25,      2.423947, , 
         27.5,      2.522867, , , , ,            33,      2.670799, ,            37,      2.481761, ,            37,      2.488941, ,          38.5,      2.412807, , 
        27.75,      2.496826, , , , ,         33.25,      2.664128, ,         37.25,       2.47162, ,         37.25,       2.47742, ,         38.75,      2.401724, , 
           28,      2.471809, , , , ,          33.5,      2.657707, ,          37.5,      2.461556, ,          37.5,      2.465961, ,            39,      2.390685, , 
        28.25,      2.447711, , , , ,         33.75,       2.65156, ,         37.75,      2.451569, ,         37.75,      2.454557, ,         39.25,      2.379836, , 
         28.5,      2.424422, , , , ,            34,      2.644941, ,            38,      2.441648, ,            38,      2.443204, ,          39.5,      2.369179, , 
        28.75,      2.401883, , , , ,         34.25,      2.636089, ,         38.25,      2.431468, ,         38.25,      2.431896, ,         39.75,      2.358595, , 
           29,      2.380001, , , , ,          34.5,      2.614597, ,          38.5,       2.42161, ,          38.5,      2.420628, ,            40,      2.347972, , 
        29.25,      2.358887, , , , ,         34.75,      2.600925, ,         38.75,      2.411762, ,         38.75,      2.409396, ,         40.25,      2.337168, , 
         29.5,      2.338522, , , , ,            35,      2.587537, ,            39,      2.401879, ,            39,      2.398236, ,          40.5,      2.326407, , 
        29.75,       2.31876, , , , ,         35.25,      2.574544, ,         39.25,      2.391897, ,         39.25,      2.387194, ,         40.75,      2.315669, , 
           30,      2.299506, , , , ,          35.5,      2.561872, ,          39.5,      2.381623, ,          39.5,      2.376017, ,            41,      2.304942, , 
        30.25,      2.280839, , , , ,         35.75,      2.549283, ,         39.75,      2.370687, ,         39.75,      2.364905, ,         41.25,      2.294224, , 
         30.5,      2.264009, , , , ,            36,      2.536947, ,            40,      2.357293, ,            40,      2.353782, ,          41.5,      2.283498, , 
        30.75,      2.249548, , , , ,         36.25,      2.524767, , , , ,         40.25,      2.342664, ,         41.75,      2.272747, , 
           31,      2.237019, , , , ,          36.5,      2.512761, , , , ,          40.5,      2.331543, ,            42,      2.261896, , 
        31.25,      2.224696, , , , ,         36.75,      2.500796, , , , ,         40.75,      2.320415, ,         42.25,      2.250881, , 
         31.5,      2.207743, , , , ,            37,      2.488975, , , , ,            41,      2.309267, ,          42.5,      2.239394, , 
        31.75,      2.721011, , , , ,         37.25,      2.477246, , , , ,         41.25,      2.298078, ,         42.75,      2.227529, , 
           32,      2.709859, , , , ,          37.5,      2.465556, , , , ,          41.5,      2.287088, ,            43,      2.215755, , 
        32.25,       2.69868, , , , ,         37.75,      2.454035, , , , ,         41.75,       2.27672, ,         43.25,      2.204302, , 
         32.5,      2.687474, , , , ,            38,      2.442532, , , , ,            42,      2.267005, ,          43.5,      2.193251, , 
        32.75,      2.676008, , , , ,         38.25,       2.43109, , , , ,         42.25,      2.257647, ,         43.75,      2.182492, , 
           33,      2.664569, , , , ,          38.5,      2.419702, , , , ,          42.5,      2.248554, ,            44,       2.17188, , 
        33.25,      2.652226, , , , ,         38.75,      2.408362, , , , ,         42.75,      2.239755, ,         44.25,      2.161433, , 
         33.5,      2.639249, , , , ,            39,      2.397064, , , , ,            43,      2.231111, ,          44.5,      2.151131, , 
        33.75,      2.626539, , , , ,         39.25,      2.385803, , , , ,         43.25,      2.222509, ,         44.75,      2.140953, , 
           34,      2.613883, , , , ,          39.5,      2.374607, , , , ,          43.5,      2.213767, ,            45,      2.130897, , 
        34.25,      2.601487, , , , ,         39.75,      2.363561, , , , ,         43.75,      2.204322, ,         45.25,      2.120952, , 
         34.5,      2.589624, , , , ,            40,      2.352606, , , , ,            44,      2.187705, ,          45.5,      2.111097, , 
        34.75,      2.578729, , , , ,         40.25,       2.34164, , , , ,         44.25,      2.173668, ,         45.75,      2.101311, , 
           35,       2.56834, , , , ,          40.5,      2.330595, , , , ,          44.5,      2.160734, ,            46,      2.091551, , 
        35.25,       2.55844, , , , ,         40.75,      2.319494, , , , ,         44.75,      2.148353, ,         46.25,      2.081701, , 
         35.5,      2.548382, , , , ,            41,      2.308384, , , , ,            45,      2.136308, ,          46.5,      2.071669, , 
        35.75,      2.538512, , , , ,         41.25,      2.297248, , , , ,         45.25,      2.124388, ,         46.75,      2.060955, , 
           36,      2.528465, , , , ,          41.5,      2.286066, , , , ,          45.5,      2.112624, , , , , 
        36.25,      2.518808, , , , ,         41.75,      2.274806, , , , ,         45.75,      2.100972, , , , , 
         36.5,      2.509229, , , , ,            42,      2.263404, , , , ,            46,      2.089411, , , , , 
        36.75,      2.499737, , , , ,         42.25,      2.251765, , , , ,         46.25,      2.077927, , , , , 
           37,      2.490236, , , , ,          42.5,      2.239849, , , , ,          46.5,       2.06651, , , , , 
        37.25,      2.480644, , , , ,         42.75,      2.228009, , , , ,         46.75,      2.055151, , , , , 
         37.5,      2.470741, , , , ,            43,      2.217535, , , , ,            47,      2.043847, , , , , 
        37.75,      2.460021, , , , ,         43.25,      2.207688, , , , ,         47.25,      2.032592, , , , , 
           38,      2.446442, , , , ,          43.5,      2.198163, , , , ,          47.5,       2.02138, , , , , 
        38.25,      2.427378, , , , ,         43.75,      2.188868, , , , ,         47.75,       2.01021, , , , , 
         38.5,      2.415886, , , , ,            44,      2.179735, , , , ,            48,      1.999078, , , , , 
        38.75,      2.404385, , , , ,         44.25,      2.170702, , , , ,         48.25,       1.98798, , , , , 
           39,      2.392947, , , , ,          44.5,      2.161656, , , , ,          48.5,      1.976914, , , , , 
        39.25,      2.381602, , , , ,         44.75,      2.152354, , , , ,         48.75,      1.965879, , , , , 
         39.5,      2.370275, , , , ,            45,      2.141817, , , , ,            49,      1.954872, , , , , 
        39.75,      2.358992, , , , ,         45.25,      2.126712, , , , ,         49.25,      1.943884, , , , , 
           40,      2.347748, , , , ,          45.5,      2.114542, , , , ,          49.5,       1.93289, , , , , 
        40.25,      2.336538, , , , ,         45.75,      2.102634, , , , ,         49.75,      1.921893, , , , , 
         40.5,      2.325522, , , , ,            46,      2.090819, , , , ,            50,      1.910952, , , , , 
        40.75,      2.314842, , , , ,         46.25,      2.079124, , , , , , , , , , , 
           41,      2.304431, , , , ,          46.5,      2.067529, , , , , , , , , , , 
        41.25,      2.294046, , , , ,         46.75,      2.056017, , , , , , , , , , , 
         41.5,      2.283318, , , , ,            47,      2.044737, , , , , , , , , , , 
        41.75,       2.27239, , , , ,         47.25,      2.033314, , , , , , , , , , , 
           42,      2.261447, , , , ,          47.5,      2.021964, , , , , , , , , , , 
        42.25,      2.250464, , , , ,         47.75,      2.010675, , , , , , , , , , , 
         42.5,      2.239403, , , , ,            48,      1.999428, , , , , , , , , , , 
        42.75,      2.228123, , , , ,         48.25,      1.988259, , , , , , , , , , , 
           43,      2.216815, , , , ,          48.5,       1.97713, , , , , , , , , , , 
        43.25,      2.205093, , , , ,         48.75,      1.966038, , , , , , , , , , , 
         43.5,      2.192968, , , , ,            49,      1.954979, , , , , , , , , , , 
        43.75,      2.180982, , , , ,         49.25,      1.943953, , , , , , , , , , , 
           44,      2.169042, , , , ,          49.5,      1.932955, , , , , , , , , , , 
        44.25,      2.157244, , , , ,         49.75,      1.921983, , , , , , , , , , , 
         44.5,      2.145594, , , , ,            50,       1.91104, , , , , , , , , , , 
        44.75,      2.134061, , , , , , , , , , , , , , , , , 
           45,      2.122665, , , , , , , , , , , , , , , , , 
        45.25,      2.111473, , , , , , , , , , , , , , , , , 
         45.5,      2.100487, , , , , , , , , , , , , , , , , 
        45.75,       2.08965, , , , , , , , , , , , , , , , , 
           46,      2.078928, , , , , , , , , , , , , , , , , 
        46.25,      2.068479, , , , , , , , , , , , , , , , , 
         46.5,      2.057898, , , , , , , , , , , , , , , , , 
        46.75,       2.04741, , , , , , , , , , , , , , , , , 
           47,      2.036801, , , , , , , , , , , , , , , , , 
        47.25,      2.026425, , , , , , , , , , , , , , , , , 
         47.5,      2.016107, , , , , , , , , , , , , , , , , 
        47.75,      2.005842, , , , , , , , , , , , , , , , , 
           48,      1.995627, , , , , , , , , , , , , , , , , 
        48.25,      1.985456, , , , , , , , , , , , , , , , , 
         48.5,      1.975326, , , , , , , , , , , , , , , , , 
        48.75,      1.965221, , , , , , , , , , , , , , , , , 
           49,      1.955121, , , , , , , , , , , , , , , , , 
        49.25,      1.944974, , , , , , , , , , , , , , , , , 
         49.5,      1.934648, , , , , , , , , , , , , , , , , 
        49.75,      1.923956, , , , , , , , , , , , , , , , , 
           50,      1.912197, , , , , , , , , , , , , , , , , 

