Alpha,, , Alpha,, , Alpha,, , Alpha,, , Alpha,, , Alpha,, , 
        -40.5,      -1.27267, ,        -33.25,    -0.6677991, ,        -34.75,     -1.190071, ,        -30.75,     -0.626027, ,        -31.25,     -1.118546, ,         -28.5,     -1.051141, , 
       -40.25,     -1.270034, ,           -33,    -0.6640456, ,         -34.5,     -1.185017, ,         -30.5,    -0.6213873, ,           -31,     -1.112413, ,        -28.25,     -1.044585, , 
          -40,     -1.267306, ,        -32.75,    -0.6602138, ,        -33.25,     -1.163005, ,        -30.25,    -0.6166615, ,        -30.75,     -1.106291, ,           -28,     -1.037934, , 
       -39.75,     -1.264484, ,         -32.5,    -0.6562835, ,           -33,     -1.158036, ,           -30,    -0.6118444, ,         -30.5,     -1.100149, ,        -27.75,     -1.031195, , 
        -39.5,     -1.261562, ,        -32.25,    -0.6522483, ,        -32.75,     -1.152877, ,        -29.75,    -0.6069378, ,        -30.25,     -1.093924, ,         -27.5,     -1.024373, , 
       -39.25,     -1.258542, ,           -32,    -0.6481016, ,         -32.5,     -1.146368, ,         -29.5,    -0.6020525, ,           -30,     -1.087564, ,        -27.25,     -1.017471, , 
          -39,     -1.255422, ,        -31.75,    -0.6440232, ,        -32.25,      -1.14013, ,        -29.25,    -0.5972284, ,        -29.75,     -1.081196, ,           -27,     -1.010494, , 
       -38.75,     -1.252203, ,         -31.5,    -0.6404482, ,           -32,     -1.134172, ,           -29,    -0.5925139, ,         -29.5,     -1.074851, ,        -26.75,     -1.003439, , 
        -38.5,     -1.248884, ,        -31.25,    -0.6369393, ,        -31.75,     -1.128291, ,        -28.75,    -0.5878148, ,        -29.25,     -1.068527, ,         -26.5,    -0.9962904, , 
       -38.25,     -1.245469, ,           -31,    -0.6335453, ,         -31.5,      -1.12242, ,         -28.5,    -0.5830834, ,           -29,     -1.062172, ,        -26.25,    -0.9889503, , 
          -38,     -1.242865, ,        -30.75,    -0.6303792, ,        -31.25,     -1.116527, ,        -28.25,    -0.5783004, ,        -28.75,     -1.055778, ,           -26,    -0.9807158, , 
       -37.75,     -1.240218, ,         -30.5,    -0.6268617, ,           -31,     -1.110597, ,           -28,    -0.5734598, ,         -28.5,     -1.049372, ,        -25.75,    -0.9729748, , 
        -37.5,      -1.23721, ,        -30.25,     -0.622914, ,        -30.75,      -1.10453, ,        -27.75,    -0.5685622, ,        -28.25,     -1.043054, ,         -25.5,    -0.9657418, , 
       -37.25,     -1.233972, ,           -30,    -0.6187952, ,         -30.5,     -1.098413, ,         -27.5,    -0.5636102, ,           -28,     -1.037414, ,        -25.25,    -0.9587361, , 
          -37,     -1.230541, ,        -29.75,    -0.6145942, ,        -30.25,     -1.092302, ,        -27.25,    -0.5586102, ,        -27.75,     -1.031082, ,           -25,    -0.9516254, , 
       -36.75,     -1.226938, ,         -29.5,    -0.6103215, ,           -30,     -1.086181, ,           -27,    -0.5534571, ,         -27.5,     -1.024369, ,        -24.75,    -0.9445407, , 
        -36.5,     -1.223178, ,         -28.5,     -1.047769, ,        -29.75,     -1.080023, ,        -26.75,     -0.547998, ,        -27.25,     -1.017608, ,         -24.5,    -0.9375557, , 
       -36.25,     -1.219272, ,        -28.25,     -1.041299, ,         -29.5,     -1.073791, ,         -26.5,    -0.5424366, ,           -27,     -1.010854, ,        -24.25,    -0.9331044, , 
          -36,     -1.215229, ,           -28,     -1.034788, ,        -29.25,     -1.067499, ,        -26.25,    -0.5368135, ,        -26.75,     -1.004074, ,           -24,    -0.9250944, , 
       -35.75,     -1.211054, ,         -27.5,     -1.022032, ,           -29,     -1.061152, ,           -26,    -0.5256395, ,         -26.5,    -0.9972085, ,        -23.75,    -0.9171292, , 
        -35.5,     -1.206753, ,        -27.25,      -1.01522, ,        -28.75,     -1.054756, ,        -25.75,    -0.5181194, ,        -26.25,    -0.9902493, ,         -23.5,     -0.909185, , 
       -35.25,     -1.202328, ,           -27,     -1.008345, ,         -28.5,     -1.048327, ,         -25.5,    -0.5111211, ,           -26,    -0.9832031, ,        -23.25,    -0.9012528, , 
          -35,     -1.197778, ,        -26.75,     -1.001382, ,        -28.25,       -1.0419, ,        -25.25,    -0.5043305, ,        -25.75,    -0.9760914, ,           -23,    -0.8933317, , 
       -34.75,     -1.193083, ,         -26.5,    -0.9943289, ,           -28,     -1.035621, ,           -25,    -0.4976418, ,         -25.5,    -0.9689424, ,        -22.75,    -0.8854199, , 
        -34.5,     -1.188137, ,        -26.25,    -0.9871876, ,        -27.75,     -1.029653, ,        -24.75,    -0.4910647, ,        -25.25,    -0.9618008, ,         -22.5,    -0.8775135, , 
       -34.25,     -1.182706, ,           -26,    -0.9799674, ,         -27.5,     -1.023177, ,         -24.5,    -0.4863794, ,           -25,    -0.9547383, ,        -22.25,    -0.8696058, , 
          -34,     -1.177134, ,        -25.75,    -0.9726761, ,        -27.25,     -1.016454, ,        -24.25,    -0.4825028, ,        -24.75,    -0.9478158, ,           -22,    -0.8616164, , 
       -33.75,       -1.1715, ,         -25.5,    -0.9653165, ,           -27,     -1.009623, ,           -24,    -0.4777182, ,         -24.5,    -0.9409913, ,        -21.75,    -0.8535729, , 
        -33.5,     -1.165774, ,        -25.25,    -0.9578594, ,        -26.75,     -1.002728, ,        -23.75,    -0.4725936, ,        -24.25,    -0.9339443, ,         -21.5,    -0.8466267, , 
       -33.25,     -1.159987, ,           -25,    -0.9497011, ,         -26.5,    -0.9957891, ,         -23.5,    -0.4669364, ,           -24,    -0.9268164, ,        -21.25,      -0.83908, , 
          -33,     -1.154265, ,        -24.75,    -0.9428422, ,        -26.25,     -0.988815, ,        -23.25,    -0.4609377, ,        -23.75,    -0.9196811, ,           -21,    -0.8314487, , 
       -32.75,     -1.148651, ,         -24.5,    -0.9369361, ,           -26,    -0.9818117, ,           -23,    -0.4545697, ,         -23.5,    -0.9133527, ,        -20.75,    -0.8239194, , 
        -32.5,     -1.143085, ,        -24.25,    -0.9302505, ,        -25.75,    -0.9748004, ,        -22.75,    -0.8849413, ,        -23.25,    -0.9066711, ,         -20.5,    -0.8165765, , 
       -32.25,     -1.137522, ,           -24,    -0.9232166, ,         -25.5,    -0.9679148, ,         -22.5,    -0.8775606, ,           -23,    -0.8987962, ,        -20.25,    -0.8095482, , 
          -32,     -1.131936, ,        -23.75,    -0.9161008, ,        -25.25,    -0.9621728, ,        -22.25,    -0.8701454, ,        -22.75,    -0.8904651, ,           -20,    -0.8027623, , 
       -31.75,     -1.126301, ,         -23.5,    -0.9086281, ,           -25,    -0.9546929, ,           -22,    -0.8626877, ,         -22.5,    -0.8825625, ,        -19.75,    -0.7961398, , 
        -31.5,     -1.120582, ,        -23.25,    -0.9000046, ,        -24.75,    -0.9470053, ,        -21.75,    -0.8551909, ,        -22.25,    -0.8794279, ,         -19.5,    -0.7897204, , 
       -31.25,     -1.114815, ,           -23,    -0.8916045, ,         -24.5,    -0.9393283, ,         -21.5,    -0.8476483, ,           -22,    -0.8728892, ,        -19.25,    -0.7835612, , 
          -31,     -1.110074, ,        -22.75,    -0.8833642, ,        -24.25,     -0.931696, ,        -21.25,    -0.8401304, ,        -21.75,    -0.8669423, ,           -19,    -0.3367525, , 
       -30.75,      -1.10474, ,         -22.5,     -0.875244, ,           -24,    -0.9241246, ,           -21,    -0.8349564, ,         -21.5,    -0.8608588, ,        -18.75,    -0.3302159, , 
        -30.5,     -1.099069, ,        -22.25,    -0.8672223, ,        -23.75,    -0.9166123, ,        -20.75,    -0.8260198, ,        -21.25,    -0.8539409, ,         -18.5,    -0.3233448, , 
       -30.25,       -1.0932, ,           -22,     -0.859274, ,         -23.5,     -0.909147, ,         -20.5,    -0.8173853, ,           -21,     -0.846708, ,        -18.25,    -0.7576888, , 
          -30,     -1.087211, ,        -21.75,    -0.8513483, ,        -23.25,    -0.9016034, ,        -20.25,    -0.8090495, ,        -20.75,    -0.8395275, ,           -18,    -0.7498539, , 
       -29.75,     -1.081109, ,         -21.5,     -0.843428, ,           -23,    -0.8938252, ,           -20,    -0.8010377, ,         -20.5,    -0.8324143, ,        -17.75,    -0.7433175, , 
        -29.5,     -1.074903, ,        -21.25,     -0.835525, ,        -22.75,    -0.8861035, ,        -19.75,    -0.7932334, ,        -20.25,    -0.8254759, ,         -17.5,      -0.74189, , 
       -29.25,     -1.068601, ,           -21,    -0.8281671, ,         -22.5,    -0.8785115, ,         -19.5,    -0.7856194, ,           -20,    -0.8186817, ,        -17.25,    -0.7373702, , 
          -29,     -1.062207, ,        -20.75,    -0.8225361, ,        -22.25,    -0.8710589, ,        -19.25,    -0.7782316, ,        -19.75,    -0.8124886, ,           -17,    -0.7330862, , 
       -28.75,     -1.055725, ,         -20.5,    -0.8168648, ,           -22,    -0.8637917, ,           -19,    -0.7711624, ,         -19.5,    -0.8074332, ,        -16.75,     -0.729182, , 
        -28.5,     -1.049162, ,        -20.25,     -0.810443, ,        -21.75,    -0.8566731, ,        -18.75,     -0.768053, ,        -19.25,        -0.804, ,         -16.5,    -0.7258018, , 
       -28.25,     -1.042521, ,           -20,    -0.8038722, ,         -21.5,    -0.8497249, ,         -18.5,    -0.7633435, ,           -19,    -0.8028945, ,        -16.25,    -0.7231131, , 
          -28,     -1.035806, ,        -19.75,    -0.7974133, ,        -21.25,     -0.842964, ,        -18.25,     -0.758176, ,        -18.75,    -0.8055582, ,           -16,    -0.7238467, , 
       -27.75,     -1.029018, ,         -19.5,    -0.7911031, ,           -21,    -0.8363771, ,           -18,    -0.7535336, ,         -18.5,    -0.8183254, ,        -15.75,    -0.7300831, , 
        -27.5,     -1.022153, ,        -19.25,    -0.7849178, ,        -20.75,    -0.8299558, ,        -17.75,    -0.7547696, ,           -18,     -1.092848, ,         -15.5,     -1.121299, , 
       -27.25,     -1.015206, ,           -19,    -0.7748009, ,         -20.5,    -0.8237943, ,         -17.5,    -0.7441143, ,        -17.75,     -1.118103, ,        -15.25,     -1.138126, , 
          -27,     -1.007577, ,        -18.75,    -0.7657489, ,        -20.25,    -0.8178943, ,        -17.25,    -0.7345324, ,         -17.5,     -1.142032, ,           -15,     -1.151072, , 
       -26.75,     -1.000283, ,         -18.5,    -0.7574107, ,           -20,    -0.8122743, ,           -17,    -0.7263991, ,        -17.25,     -1.164306, ,        -14.75,     -1.160722, , 
        -26.5,    -0.9931539, ,        -18.25,    -0.7497421, ,        -19.75,    -0.8075122, ,        -16.75,    -0.7194462, ,           -17,     -1.185994, ,         -14.5,      -1.16596, , 
       -26.25,    -0.9860853, ,           -18,    -0.7430993, ,         -19.5,    -0.8043273, ,         -16.5,    -0.7136316, ,        -16.75,     -1.206204, ,        -14.25,     -1.167725, , 
          -26,    -0.9790693, ,        -17.75,    -0.7466233, ,        -19.25,    -0.8026809, ,        -16.25,    -0.7096922, ,         -16.5,     -1.223268, ,           -14,     -1.166004, , 
       -25.75,    -0.9730817, ,         -17.5,    -0.7421068, ,           -19,    -0.8010757, ,           -16,    -0.7123228, ,        -16.25,     -1.239271, ,        -13.75,     -1.190219, , 
        -25.5,    -0.9658884, ,        -17.25,     -0.737531, ,        -18.75,    -0.7997614, ,        -15.75,    -0.7095794, ,           -16,     -1.258101, ,         -13.5,     -1.204788, , 
       -25.25,    -0.9586092, ,           -17,    -0.7330633, ,         -18.5,    -0.7998134, ,         -15.5,    -0.7076163, ,        -15.75,     -1.273997, ,        -13.25,      -1.20593, , 
          -25,    -0.9512855, ,        -16.75,    -0.7286919, ,           -18,     -1.025722, ,        -15.25,    -0.7064629, ,         -15.5,     -1.286318, ,           -13,      -1.20082, , 
       -24.75,    -0.9439441, ,         -16.5,    -0.7180548, ,        -17.75,     -1.062113, ,           -15,    -0.7064348, ,        -15.25,     -1.294957, ,        -12.75,     -1.193147, , 
        -24.5,    -0.9365935, ,        -16.25,    -0.7077246, ,         -17.5,     -1.092597, ,         -14.5,     -1.143136, ,           -15,      -1.29974, ,         -12.5,     -1.184768, , 
       -24.25,    -0.9292358, ,           -16,    -0.6997231, ,        -17.25,     -1.118217, ,        -14.25,     -1.148306, ,        -14.75,      -1.30035, ,        -12.25,     -1.175542, , 
          -24,     -0.921869, ,        -15.75,    -0.6942143, ,           -17,     -1.141716, ,           -14,     -1.151968, ,         -14.5,     -1.298071, ,           -12,     -1.165567, , 
       -23.75,    -0.9144934, ,           -15,    -0.6996028, ,        -16.75,     -1.163613, ,        -13.75,     -1.154554, ,        -14.25,     -1.293701, ,        -11.75,     -1.154318, , 
        -22.5,    -0.8783722, ,        -14.75,    -0.6990824, ,         -16.5,      -1.18266, ,         -13.5,     -1.155915, ,           -14,      -1.28753, ,         -11.5,     -1.140036, , 
       -22.25,    -0.8706359, ,         -14.5,    -0.6996066, ,        -16.25,     -1.199306, ,        -13.25,     -1.156495, ,        -13.75,     -1.280325, ,        -11.25,     -1.124203, , 
          -22,    -0.8630776, ,        -14.25,     -0.701529, ,           -16,     -1.212682, ,           -13,     -1.155996, ,         -13.5,     -1.272306, ,           -11,     -1.107014, , 
       -21.75,    -0.8556252, ,           -13,     -1.121475, ,        -15.75,      -1.22362, ,        -12.75,     -1.153562, ,        -13.25,     -1.263696, ,        -10.75,     -1.088515, , 
        -21.5,    -0.8482724, ,        -12.75,      -1.12776, ,         -15.5,     -1.231611, ,         -12.5,     -1.149196, ,           -13,     -1.254354, ,         -10.5,      -1.07218, , 
       -21.25,    -0.8410532, ,         -12.5,     -1.127366, ,        -15.25,     -1.237013, ,        -12.25,      -1.14294, ,        -12.75,     -1.244201, ,        -10.25,     -1.062737, , 
          -21,     -0.834025, ,        -12.25,     -1.123782, ,           -15,     -1.240219, ,           -12,     -1.134818, ,         -12.5,     -1.233307, ,           -10,     -1.045068, , 
       -20.75,    -0.8273098, ,           -12,      -1.11861, ,        -14.75,     -1.241905, ,        -11.75,     -1.124951, ,        -12.25,     -1.221201, ,         -9.75,     -1.024878, , 
        -20.5,    -0.8211842, ,        -11.75,     -1.111989, ,         -14.5,     -1.242222, ,         -11.5,      -1.11205, ,           -12,     -1.206031, ,          -9.5,      -1.00426, , 
       -20.25,    -0.8163371, ,         -11.5,     -1.102043, ,        -14.25,     -1.241034, ,        -11.25,     -1.108734, ,        -11.75,     -1.189406, ,         -9.25,    -0.9831803, , 
          -20,    -0.8131284, ,        -11.25,      -1.08997, ,           -14,     -1.238896, ,           -11,     -1.097343, ,         -11.5,     -1.171658, ,            -9,    -0.9610197, , 
       -19.75,    -0.8096959, ,           -11,     -1.076086, ,        -13.75,     -1.235545, ,        -10.75,     -1.081943, ,        -11.25,     -1.152965, ,         -8.75,    -0.9450768, , 
        -19.5,    -0.8050562, ,        -10.75,     -1.060737, ,         -13.5,     -1.230727, ,         -10.5,     -1.064669, ,           -11,     -1.137463, ,          -8.5,    -0.9254975, , 
       -19.25,    -0.7981103, ,         -10.5,     -1.043968, ,        -13.25,     -1.224803, ,        -10.25,     -1.046535, ,        -10.75,     -1.119357, ,         -8.25,    -0.9045655, , 
          -19,    -0.7911589, ,        -10.25,     -1.025767, ,           -13,     -1.217607, ,           -10,     -1.027768, ,         -10.5,     -1.099634, ,            -8,    -0.8832687, , 
       -18.75,    -0.7845617, ,           -10,     -1.013645, ,        -12.75,     -1.209212, ,         -9.75,     -1.008135, ,        -10.25,     -1.079133, ,         -7.75,    -0.8648995, , 
        -18.5,    -0.7781833, ,         -9.75,    -0.9962301, ,         -12.5,     -1.199631, ,          -9.5,    -0.9871876, ,           -10,     -1.058126, ,          -7.5,    -0.8451124, , 
       -18.25,     -0.772584, ,          -9.5,    -0.9767808, ,        -12.25,     -1.189063, ,         -9.25,    -0.9731601, ,         -9.75,     -1.036783, ,         -7.25,    -0.8239602, , 
          -18,    -0.7678264, ,         -9.25,    -0.9566613, ,           -12,     -1.177509, ,            -9,    -0.9541852, ,          -9.5,     -1.015205, ,            -7,    -0.8043732, , 
       -17.75,    -0.7626746, ,            -9,    -0.9357667, ,        -11.75,     -1.170008, ,         -8.75,    -0.9333213, ,         -9.25,     -0.993326, ,         -6.75,    -0.7838734, , 
        -17.5,    -0.7583062, ,         -8.75,    -0.9199123, ,         -11.5,     -1.157667, ,          -8.5,    -0.9124322, ,            -9,    -0.9728711, ,          -6.5,    -0.7634328, , 
       -17.25,    -0.7560781, ,          -8.5,     -0.901801, ,        -11.25,     -1.141966, ,         -8.25,    -0.8914136, ,         -8.75,    -0.9521015, ,         -6.25,    -0.7424634, , 
          -17,    -0.7575441, ,         -8.25,    -0.8818976, ,           -11,     -1.124446, ,            -8,    -0.8763951, ,          -8.5,    -0.9309249, ,            -6,    -0.7220956, , 
       -16.75,    -0.7688501, ,            -8,    -0.8612672, ,        -10.75,     -1.105864, ,         -7.75,    -0.8561883, ,         -8.25,    -0.9095432, ,         -5.75,    -0.7011673, , 
        -16.5,     -1.056804, ,         -7.75,    -0.8447964, ,         -10.5,     -1.086575, ,          -7.5,    -0.8349894, ,            -8,    -0.8879135, ,          -5.5,    -0.6799402, , 
       -16.25,     -1.082348, ,          -7.5,    -0.8254838, ,        -10.25,     -1.066761, ,         -7.25,    -0.8170081, ,         -7.75,    -0.8672434, ,         -5.25,    -0.6584522, , 
          -16,     -1.104324, ,         -7.25,    -0.8039875, ,           -10,     -1.046471, ,            -7,    -0.7965093, ,          -7.5,    -0.8463257, ,            -5,    -0.6263502, , 
       -15.75,     -1.123182, ,            -7,    -0.7867956, ,         -9.75,     -1.025551, ,         -6.75,     -0.776714, ,         -7.25,    -0.8250863, ,         -4.75,    -0.5894853, , 
        -15.5,     -1.138606, ,         -6.75,    -0.7657933, ,          -9.5,     -1.005752, ,          -6.5,     -0.756082, ,            -7,     -0.803654, ,          -4.5,    -0.5515727, , 
       -15.25,     -1.151346, ,          -6.5,    -0.7475399, ,         -9.25,    -0.9857835, ,         -6.25,     -0.736373, ,         -6.75,    -0.7791504, ,         -4.25,    -0.5166211, , 
          -15,     -1.161266, ,         -6.25,     -0.728013, ,            -9,    -0.9648187, ,            -6,    -0.7159203, ,          -6.5,    -0.7462286, ,            -4,    -0.4800222, , 
       -14.75,     -1.168721, ,            -6,     -0.708026, ,         -8.75,    -0.9436196, ,         -5.75,    -0.6952253, ,         -6.25,    -0.7131797, ,         -3.75,    -0.4418628, , 
        -14.5,     -1.173547, ,         -5.75,    -0.6880221, ,          -8.5,    -0.9223328, ,          -5.5,    -0.6744225, ,            -6,    -0.6802022, ,          -3.5,    -0.4034888, , 
       -14.25,      -1.17638, ,          -5.5,    -0.6678144, ,         -8.25,     -0.901398, ,         -5.25,    -0.6534249, ,         -5.75,    -0.6483296, ,         -3.25,    -0.3700444, , 
          -14,     -1.177338, ,         -5.25,    -0.6471134, ,            -8,    -0.8813048, ,            -5,    -0.6319892, ,          -5.5,    -0.6151997, ,            -3,      -0.33339, , 
       -13.75,     -1.176296, ,            -5,    -0.6261708, ,         -7.75,    -0.8604283, ,         -4.75,    -0.6101786, ,         -5.25,    -0.5811915, ,         -2.75,    -0.2968463, , 
        -13.5,     -1.173622, ,         -4.75,    -0.6050642, ,          -7.5,    -0.8391237, ,          -4.5,    -0.5843714, ,            -5,    -0.5508859, ,          -2.5,    -0.2684327, , 
       -13.25,     -1.176639, ,          -4.5,    -0.5833864, ,         -7.25,    -0.8179727, ,            -4,    -0.5070494, ,         -4.75,    -0.5199347, ,         -2.25,    -0.2366304, , 
          -13,     -1.177461, ,         -4.25,    -0.5613502, ,            -7,    -0.7973839, ,         -3.75,    -0.4706968, ,          -4.5,    -0.4871982, ,            -2,      -0.21001, , 
       -12.75,     -1.174869, ,            -4,    -0.5388228, ,         -6.75,    -0.7761768, ,          -3.5,    -0.4325621, ,         -4.25,    -0.4588115, ,         -1.75,     -0.181493, , 
        -12.5,     -1.169355, ,         -3.75,    -0.5159944, ,          -6.5,    -0.7554503, ,         -3.25,    -0.3924996, ,            -4,    -0.4282529, ,          -1.5,    -0.1559157, , 
       -12.25,      -1.16176, ,          -3.5,    -0.4763296, ,         -6.25,    -0.7302016, ,            -3,    -0.3576223, ,         -3.75,    -0.3995272, ,         -1.25,    -0.1297092, , 
          -12,     -1.152628, ,         -3.25,    -0.4361909, ,            -6,    -0.6969532, ,         -2.75,    -0.3198047, ,          -3.5,    -0.3710896, ,            -1,    -0.1035674, , 
       -11.75,     -1.142406, ,            -3,    -0.3972712, ,         -5.75,    -0.6627406, ,          -2.5,    -0.2806914, ,         -3.25,    -0.3438095, ,         -0.75,   -0.07774422, , 
        -11.5,     -1.130347, ,         -2.75,    -0.3559116, ,          -5.5,    -0.6303882, ,         -2.25,    -0.2487404, ,            -3,    -0.3165614, ,         -0.25,   -0.02584154, , 
       -11.25,     -1.115952, ,          -2.5,    -0.3198102, ,         -5.25,    -0.5975748, ,            -2,    -0.2156907, ,         -2.75,    -0.2901392, ,             0,  2.966758e-10, , 
          -11,     -1.100364, ,         -2.25,    -0.2799888, ,            -5,    -0.5632951, ,         -1.75,    -0.1856625, ,          -2.5,    -0.2637023, ,          0.25,    0.02584159, , 
       -10.75,     -1.083682, ,            -2,    -0.2372741, ,         -4.75,    -0.5298937, ,          -1.5,    -0.1568126, ,         -2.25,    -0.2374159, ,          0.75,    0.07774454, , 
        -10.5,     -1.065881, ,         -1.75,    -0.2052894, ,          -4.5,       -0.4997, ,         -1.25,    -0.1302679, ,            -2,    -0.2111725, ,             1,     0.1035679, , 
       -10.25,      -1.04741, ,          -1.5,    -0.1681449, ,         -4.25,     -0.466937, ,            -1,    -0.1029726, ,         -1.75,    -0.1847869, ,          1.25,     0.1297094, , 
          -10,     -1.031686, ,         -1.25,    -0.1385536, ,            -4,     -0.436099, ,         -0.75,   -0.07726188, ,          -1.5,    -0.1584118, ,           1.5,     0.1559157, , 
        -9.75,     -1.012567, ,            -1,    -0.1061972, ,         -3.75,    -0.4059847, ,          -0.5,   -0.05152549, ,         -1.25,    -0.1320196, ,          1.75,     0.1814922, , 
         -9.5,    -0.9924373, ,         -0.75,   -0.08001988, ,          -3.5,    -0.3746201, ,         -0.25,   -0.02565875, ,          -0.5,   -0.05288753, ,             2,      0.210007, , 
        -9.25,    -0.9721251, ,          -0.5,   -0.05238178, ,         -3.25,    -0.3467403, ,             0,  3.364926e-09, ,         -0.25,   -0.02646655, ,          2.25,     0.2366295, , 
           -9,    -0.9516186, ,         -0.25,   -0.02536219, ,            -3,    -0.3173862, ,          0.25,    0.02565868, ,             0, -1.410614e-08, ,           2.5,     0.2684262, , 
        -8.75,    -0.9317089, ,             0, -2.273608e-08, ,         -2.75,    -0.2900085, ,           0.5,    0.05152522, ,          0.25,    0.02646668, ,          2.75,     0.2968487, , 
         -8.5,    -0.9124225, ,          0.25,    0.02536202, ,          -2.5,    -0.2627003, ,          0.75,    0.07726135, ,           0.5,    0.05288805, ,             3,     0.3333897, , 
        -8.25,    -0.8920362, ,           0.5,    0.05238038, ,         -2.25,    -0.2357638, ,             1,     0.1029713, ,             1,      0.105654, ,          3.25,     0.3700354, , 
           -8,    -0.8712042, ,          0.75,    0.08001685, ,            -2,    -0.2094308, ,          1.25,      0.130265, ,          1.25,     0.1320227, ,           3.5,     0.4034293, , 
        -7.75,    -0.8500577, ,             1,     0.1061936, ,         -1.75,    -0.1830985, ,           1.5,     0.1568093, ,           1.5,     0.1584162, ,          3.75,     0.4418808, , 
         -7.5,     -0.830396, ,          1.25,     0.1385443, ,          -1.5,    -0.1568636, ,          1.75,     0.1856538, ,          1.75,     0.1847928, ,             4,      0.480037, , 
        -7.25,     -0.809557, ,           1.5,     0.1681386, ,         -1.25,    -0.1307946, ,             2,     0.2156849, ,             2,     0.2111799, ,          4.25,     0.5166281, , 
           -7,    -0.7886531, ,          1.75,     0.2052753, ,            -1,    -0.1046129, ,          2.25,     0.2487253, ,          2.25,      0.237425, ,           4.5,     0.5516144, , 
        -6.75,    -0.7681786, ,             2,     0.2372724, ,         -0.75,   -0.07829903, ,           2.5,      0.280691, ,           2.5,     0.2637127, ,          4.75,      0.589525, , 
        -6.25,    -0.7264395, ,          2.25,      0.279983, ,          -0.5,   -0.05207141, ,          2.75,     0.3198004, ,          2.75,     0.2901506, ,             5,     0.6263932, , 
           -6,    -0.7053273, ,           2.5,     0.3197903, ,         -0.25,   -0.02600913, ,             3,     0.3576047, ,             3,      0.316574, ,          5.25,     0.6582948, , 
        -5.75,    -0.6845655, ,          2.75,     0.3559205, ,             0,  -5.88497e-09, ,          3.25,     0.3925149, ,          3.25,     0.3438214, ,           5.5,     0.6797871, , 
        -5.25,    -0.6207904, ,             3,      0.397272, ,          0.25,    0.02600927, ,           3.5,     0.4325734, ,           3.5,      0.371102, ,          5.75,     0.7010175, , 
           -5,    -0.5870424, ,          3.25,     0.4361773, ,          0.75,    0.07830006, ,          3.75,     0.4706998, ,          3.75,     0.3995371, ,             6,     0.7219488, , 
        -4.75,    -0.5538371, ,           3.5,     0.4763476, ,             1,     0.1046147, ,             4,      0.507083, ,             4,      0.428266, ,          6.25,     0.7423193, , 
         -4.5,    -0.5189699, ,          3.75,     0.5158456, ,          1.25,     0.1307974, ,           4.5,     0.5844077, ,          4.25,     0.4588196, ,           6.5,     0.7632997, , 
        -4.25,    -0.4857271, ,             4,       0.53868, ,           1.5,     0.1568674, ,             5,     0.6318371, ,           4.5,     0.4872196, ,          6.75,     0.7837438, , 
           -4,    -0.4533212, ,          4.25,     0.5612102, ,          1.75,     0.1831032, ,          5.25,     0.6532788, ,          4.75,     0.5199527, ,             7,     0.8042558, , 
        -3.75,    -0.4192456, ,           4.5,     0.5832389, ,             2,     0.2094364, ,           5.5,     0.6742816, ,             5,     0.5508948, ,          7.25,     0.8238496, , 
         -3.5,     -0.389094, ,          4.75,     0.6049238, ,          2.25,     0.2357703, ,          5.75,     0.6950889, ,          5.25,     0.5812314, ,           7.5,     0.8450151, , 
        -3.25,     -0.357213, ,             5,     0.6260362, ,           2.5,     0.2627065, ,             6,     0.7157883, ,           5.5,     0.6152377, ,          7.75,     0.8648214, , 
           -3,      -0.32628, ,          5.25,     0.6469775, ,          2.75,     0.2900147, ,          6.25,     0.7362445, ,          5.75,      0.648364, ,             8,     0.8832036, , 
        -2.75,     -0.296456, ,           5.5,     0.6676853, ,             3,      0.317391, ,           6.5,      0.755958, ,             6,     0.6802304, ,          8.25,     0.9045139, , 
         -2.5,    -0.2669022, ,          5.75,     0.6879002, ,          3.25,     0.3467447, ,          6.75,      0.776604, ,          6.25,     0.7132466, ,           8.5,     0.9254665, , 
        -2.25,    -0.2382267, ,             6,     0.7079108, ,           3.5,     0.3746196, ,             7,     0.7964046, ,           6.5,     0.7462959, ,          8.75,     0.9450768, , 
           -2,    -0.2106449, ,          6.25,     0.7279033, ,          3.75,     0.4059901, ,          7.25,     0.8169185, ,          6.75,     0.7792222, ,             9,     0.9610649, , 
        -1.75,    -0.1829331, ,           6.5,     0.7474358, ,             4,     0.4360956, ,           7.5,     0.8349113, ,             7,     0.8035344, ,          9.25,     0.9832543, , 
         -1.5,    -0.1563348, ,          6.75,     0.7657162, ,          4.25,      0.466953, ,          7.75,     0.8561259, ,          7.25,     0.8249748, ,           9.5,      1.004366, , 
        -1.25,    -0.1300132, ,             7,     0.7867134, ,           4.5,     0.4997099, ,             8,     0.8763463, ,           7.5,     0.8462258, ,          9.75,      1.025018, , 
           -1,    -0.1038332, ,          7.25,     0.8039172, ,          4.75,     0.5298857, ,          8.25,     0.8913991, ,          7.75,     0.8671574, ,            10,       1.04524, , 
        -0.75,   -0.07781826, ,           7.5,     0.8254263, ,             5,     0.5633295, ,           8.5,     0.9124389, ,             8,     0.8878413, ,         10.25,      1.062937, , 
        -0.25,   -0.02597789, ,          7.75,     0.8447572, ,          5.25,     0.5976054, ,          8.75,     0.9333574, ,          8.25,     0.9094838, ,          10.5,      1.072371, , 
            0,  5.664621e-08, ,             8,     0.8612516, ,           5.5,     0.6304133, ,             9,     0.9542518, ,           8.5,     0.9308819, ,         10.75,       1.08886, , 
         0.25,    0.02597796, ,          8.25,     0.8819074, ,          5.75,     0.6627994, ,          9.25,     0.9732522, ,          8.75,     0.9520834, ,            11,      1.107408, , 
          0.5,    0.05197215, ,           8.5,     0.9018386, ,             6,     0.6970109, ,           9.5,     0.9873392, ,             9,     0.9728828, ,         11.25,      1.124654, , 
         0.75,    0.07781879, ,          8.75,     0.9199762, ,          6.25,     0.7302643, ,          9.75,      1.008317, ,          9.25,     0.9933712, ,          11.5,      1.140555, , 
            1,      0.103834, ,             9,     0.9358729, ,           6.5,     0.7553289, ,            10,      1.027983, ,           9.5,       1.01528, ,         11.75,      1.154962, , 
         1.25,     0.1300143, ,          9.25,     0.9567955, ,          6.75,     0.7760616, ,         10.25,      1.046789, ,          9.75,      1.036889, ,            12,      1.166356, , 
          1.5,     0.1563361, ,           9.5,     0.9769462, ,             7,     0.7972788, ,          10.5,      1.064968, ,            10,      1.058262, ,         12.25,       1.17644, , 
         1.75,      0.182934, ,          9.75,      0.996429, ,          7.25,     0.8178797, ,         10.75,      1.082289, ,         10.25,      1.079302, ,          12.5,      1.185771, , 
            2,     0.2106449, ,            10,      1.013867, ,           7.5,     0.8390408, ,            11,      1.097733, ,          10.5,      1.099836, ,         12.75,      1.194279, , 
         2.25,     0.2382266, ,         10.25,      1.026046, ,          7.75,     0.8603591, ,         11.25,      1.109148, ,         10.75,      1.119595, ,            13,       1.20207, , 
          2.5,     0.2668989, ,          10.5,      1.044286, ,             8,     0.8812476, ,          11.5,       1.11264, ,            11,      1.137737, ,         13.25,      1.207212, , 
         2.75,     0.2964541, ,         10.75,      1.061099, ,          8.25,     0.9013593, ,         11.75,      1.125697, ,         11.25,      1.153319, ,          13.5,      1.205872, , 
            3,      0.326271, ,            11,      1.076498, ,           8.5,     0.9223167, ,            12,      1.135668, ,          11.5,      1.172065, ,         13.75,      1.190542, , 
         3.25,     0.3572134, ,         11.25,      1.090439, ,          8.75,     0.9436304, ,         12.25,      1.143879, ,         11.75,      1.189873, ,            14,      1.168379, , 
          3.5,     0.3890851, ,          11.5,      1.102586, ,             9,      0.964858, ,          12.5,      1.150236, ,            12,       1.20657, ,         14.25,      1.170161, , 
         3.75,     0.4192564, ,         11.75,       1.11267, ,          9.25,      0.985852, ,         12.75,       1.15471, ,         12.25,       1.22187, ,          14.5,      1.168461, , 
            4,     0.4533262, ,            12,      1.119419, ,           9.5,      1.005849, ,            13,      1.157252, ,          12.5,      1.234126, ,         14.75,      1.163245, , 
         4.25,     0.4857146, ,         12.25,      1.124701, ,          9.75,      1.025688, ,         13.25,      1.157909, ,         12.75,      1.245132, ,            15,      1.153688, , 
          4.5,     0.5189976, ,          12.5,       1.12838, ,            10,      1.046639, ,          13.5,      1.157502, ,            13,      1.255393, ,         15.25,      1.140804, , 
         4.75,     0.5538595, ,         12.75,      1.128786, ,         10.25,      1.066963, ,         13.75,      1.156368, ,         13.25,      1.264867, ,          15.5,      1.124028, , 
            5,      0.587058, ,            13,      1.122336, ,          10.5,      1.086815, ,            14,      1.154008, ,          13.5,      1.273611, ,         15.75,      1.102872, , 
         5.25,     0.6208377, ,         13.25,      1.106591, ,         10.75,      1.106146, ,         14.25,      1.150586, ,         13.75,      1.281799, ,            16,      1.076278, , 
          5.5,     0.6551672, ,          13.5,       1.08462, ,            11,      1.124774, ,          14.5,      1.145633, ,            14,      1.289146, ,         16.25,      1.042345, , 
         5.75,     0.6844406, ,         13.75,      1.061028, ,         11.25,      1.142345, ,         14.75,      1.138051, ,         14.25,      1.295483, ,          16.5,     0.9901303, , 
            6,     0.7052102, ,            14,      1.037794, ,          11.5,      1.158099, ,            15,      1.127433, ,          14.5,       1.30002, ,         16.75,     0.7314132, , 
         6.25,     0.7263272, ,         14.25,        1.0154, ,         11.75,      1.170494, ,         15.25,      1.112608, ,         14.75,      1.302399, ,            17,     0.7352846, , 
          6.5,     0.7468293, ,          14.5,       0.99364, ,            12,      1.178267, ,          15.5,      1.093124, ,            15,      1.301844, ,         17.25,      0.739532, , 
         6.75,     0.7680826, ,         14.75,     0.9718148, ,         12.25,      1.189921, ,         15.75,      1.064341, ,         15.25,      1.297112, ,          17.5,     0.7440093, , 
            7,     0.7885691, ,            15,     0.9486929, ,          12.5,      1.200589, ,         16.75,     0.7218244, ,          15.5,      1.288445, ,         17.75,     0.7453978, , 
         7.25,     0.8094824, ,         15.25,     0.9172887, ,         12.75,      1.210284, ,            17,     0.7288087, ,         15.75,      1.276078, ,            18,     0.7521014, , 
          7.5,     0.8303334, ,         15.75,     0.6965619, ,            13,      1.218794, ,         17.25,     0.7369884, ,            16,      1.260151, ,         18.25,     0.7599441, , 
         7.75,     0.8500175, ,            16,        0.7022, ,         13.25,      1.226129, ,          17.5,     0.7466444, ,         16.25,      1.241834, ,          18.5,      0.768344, , 
            8,     0.8711713, ,         16.25,     0.7103297, ,          13.5,       1.23218, ,         17.75,     0.7572212, ,          16.5,      1.227129, ,         18.75,     0.7772061, , 
         8.25,     0.8920259, ,          16.5,     0.7207352, ,         13.75,      1.237151, ,            18,     0.7555057, ,         16.75,       1.21012, ,            19,     0.7862124, , 
          8.5,     0.9124381, ,         16.75,     0.7312681, ,            14,      1.240678, ,         18.25,     0.7601152, ,            17,      1.190091, ,         19.75,     0.7979185, , 
         8.75,     0.9317524, ,            17,     0.7411813, ,         14.25,       1.24299, ,          18.5,     0.7652646, ,         17.25,      1.168332, ,            20,     0.8044968, , 
            9,     0.9516948, ,         17.25,     0.7395734, ,          14.5,      1.244376, ,         18.75,     0.7695509, ,          17.5,      1.145995, ,         20.25,     0.8112387, , 
         9.25,     0.9722305, ,          17.5,     0.7441052, ,         14.75,      1.244324, ,            19,     0.7731235, ,         17.75,      1.121987, ,          20.5,     0.8181688, , 
          9.5,     0.9925738, ,         17.75,     0.7485722, ,            15,      1.242842, ,         19.25,     0.7801734, ,            18,      1.096628, ,         20.75,     0.8254374, , 
         9.75,      1.012736, ,            18,     0.7451262, ,         15.25,      1.239877, ,          19.5,     0.7875306, ,         18.25,      1.070609, ,            21,     0.8329241, , 
           10,      1.031886, ,         18.25,     0.7518284, ,          15.5,      1.234695, ,         19.75,     0.7951136, ,          18.5,      1.043482, ,         21.25,     0.8405345, , 
        10.25,      1.047634, ,          18.5,     0.7594996, ,         15.75,      1.226971, ,            20,     0.8028879, ,         18.75,      1.012725, ,          21.5,     0.8480485, , 
         10.5,      1.066181, ,         18.75,     0.7678331, ,            16,      1.216171, ,         20.25,     0.8108432, ,            19,     0.9488144, ,         21.75,      0.855018, , 
        10.75,      1.084029, ,            19,     0.7768855, ,         16.25,      1.202937, ,          20.5,     0.8190952, ,          20.5,     0.8343648, ,            22,      0.863158, , 
           11,      1.100767, ,         19.25,     0.7870274, ,          16.5,      1.186365, ,         20.75,     0.8276725, ,         20.75,     0.8414334, ,         22.25,     0.8711254, , 
        11.25,      1.116422, ,          19.5,     0.7928005, ,         16.75,      1.167408, ,            21,     0.8365679, ,            21,     0.8485291, ,          22.5,     0.8790189, , 
         11.5,      1.130901, ,         19.75,     0.7990688, ,            17,      1.145526, ,         21.25,      0.845202, ,         21.25,     0.8556456, ,         22.75,      0.886909, , 
        11.75,      1.143123, ,            20,     0.8054863, ,         17.25,      1.122003, ,          21.5,     0.8490195, ,          21.5,     0.8624589, ,            23,     0.8948018, , 
           12,      1.153446, ,         20.25,     0.8120173, ,          17.5,       1.09636, ,         21.75,     0.8565446, ,         21.75,     0.8684512, ,         23.25,     0.9027016, , 
        12.25,      1.162672, ,          20.5,     0.8183096, ,         17.75,       1.06593, ,            22,      0.864024, ,            22,     0.8744053, ,          23.5,     0.9106091, , 
         12.5,      1.170366, ,         20.75,     0.8238973, ,            18,      1.029432, ,         22.25,     0.8714679, ,         22.25,     0.8809466, ,         23.75,     0.9185244, , 
        12.75,      1.175954, ,            21,     0.8295901, ,          18.5,     0.8018748, ,          22.5,     0.8788763, ,          22.5,     0.8840925, ,            24,     0.9264539, , 
           13,      1.178616, ,         21.25,     0.8370546, ,         18.75,     0.8018185, ,         22.75,     0.8862211, ,         22.75,     0.8920298, ,         24.25,     0.9344155, , 
        13.25,      1.177823, ,          21.5,     0.8449516, ,            19,     0.8030678, ,            23,     0.8931027, ,            23,     0.9003603, ,          24.5,     0.9386602, , 
         13.5,      1.175319, ,         21.75,      0.852861, ,         19.25,     0.8045682, ,         23.25,     0.9000378, ,         23.25,     0.9081665, ,         24.75,     0.9456161, , 
        13.75,      1.178129, ,            22,     0.8607733, ,          19.5,     0.8061609, ,          23.5,     0.9077056, ,          23.5,     0.9144685, ,            25,     0.9526681, , 
           14,      1.179331, ,         22.25,     0.8687086, ,         19.75,     0.8093752, ,         23.75,     0.9158302, ,         23.75,     0.9210922, ,         25.25,     0.9597254, , 
        14.25,      1.178528, ,          22.5,     0.8767165, ,            20,     0.8141341, ,            24,     0.9235469, ,            24,     0.9281859, ,          25.5,     0.9667111, , 
         14.5,      1.175827, ,         22.75,     0.8848202, ,         20.25,     0.8197216, ,         24.25,     0.9312451, ,         24.25,     0.9352782, ,         25.75,      0.973931, , 
        14.75,      1.171145, ,            23,     0.8930372, ,          20.5,     0.8255697, ,          24.5,     0.9389341, ,          24.5,     0.9422832, ,            26,     0.9817106, , 
           15,      1.163856, ,         23.25,     0.9014019, ,         20.75,     0.8316105, ,         24.75,     0.9465934, ,         24.75,     0.9490508, ,         26.25,     0.9898522, , 
        15.25,      1.154038, ,          23.5,     0.9099651, ,            21,      0.837954, ,            25,     0.9542137, ,            25,     0.9559358, ,          26.5,     0.9971148, , 
         15.5,       1.14137, ,         23.75,     0.9171511, ,         21.25,     0.8445034, ,         25.25,     0.9618242, ,         25.25,     0.9629575, ,         26.75,      1.004198, , 
        15.75,      1.126015, ,            24,      0.924231, ,          21.5,     0.8512493, ,          25.5,      0.966815, ,          25.5,     0.9700538, ,            27,      1.011189, , 
           16,      1.107204, ,         24.25,      0.931229, ,         21.75,     0.8581908, ,         25.75,     0.9737471, ,         25.75,     0.9771536, ,         27.25,      1.018101, , 
        16.25,      1.085151, ,          24.5,     0.9378477, ,            22,     0.8653031, ,            26,     0.9806765, ,            26,     0.9842093, ,          27.5,      1.024935, , 
         16.5,      1.059478, ,         24.75,     0.9437587, ,         22.25,     0.8725635, ,         26.25,     0.9875942, ,         26.25,     0.9911941, ,         27.75,      1.031688, , 
        16.75,      1.027456, ,            25,     0.9509002, ,          22.5,     0.8800072, ,          26.5,     0.9944442, ,          26.5,     0.9980893, ,            28,      1.038356, , 
           17,     0.9816284, ,         25.25,      0.958906, ,         22.75,     0.8875899, ,         26.75,      1.001162, ,         26.75,      1.004884, ,         28.25,      1.044933, , 
         17.5,     0.7606104, ,          25.5,     0.9663051, ,            23,     0.8953015, ,            27,       1.00792, ,            27,      1.011588, ,          28.5,      1.051413, , 
        17.75,     0.7650057, ,         25.75,     0.9736092, ,         23.25,      0.903053, ,         27.25,      1.014725, ,         27.25,      1.018268, ,         28.75,      1.057788, , 
           18,     0.7700916, ,            26,      0.980843, ,          23.5,     0.9105533, ,          27.5,      1.021595, ,          27.5,      1.024953, ,            29,       1.06405, , 
        18.25,     0.7748178, ,         26.25,     0.9880029, ,         23.75,     0.9179896, ,         27.75,      1.028571, ,         27.75,      1.031581, ,         29.25,      1.070187, , 
         18.5,     0.7804074, ,          26.5,     0.9950802, ,            24,     0.9254749, ,            28,      1.035735, ,            28,      1.037735, ,          29.5,      1.076175, , 
        18.75,     0.7867858, ,         26.75,      1.002064, ,         24.25,     0.9330185, ,         28.25,      1.043124, ,         28.25,      1.043356, ,         29.75,      1.081901, , 
           19,     0.7933268, ,            27,      1.008951, ,          24.5,     0.9406228, ,          28.5,      1.050282, ,          28.5,      1.049611, ,            30,      1.086089, , 
        19.25,     0.8002487, ,         27.25,      1.015738, ,         24.75,     0.9482688, ,         28.75,      1.057039, ,         28.75,      1.055938, ,         30.25,      1.092094, , 
         19.5,     0.8071179, ,          27.5,      1.022442, ,            25,     0.9559197, ,            29,      1.063594, ,            29,      1.062247, ,          30.5,       1.09804, , 
        19.75,     0.8115663, ,         28.25,      1.041284, ,         25.25,     0.9633086, ,         29.25,      1.070026, ,         29.25,      1.068518, ,         30.75,      1.103917, , 
           20,     0.8147902, ,          28.5,      1.047678, ,          25.5,     0.9689608, ,          29.5,      1.076358, ,          29.5,      1.074763, ,            31,      1.109719, , 
        20.25,     0.8180489, ,         28.75,       1.05397, ,         25.75,     0.9758168, ,         29.75,       1.08259, ,         29.75,      1.081032, ,         31.25,      1.115459, , 
         20.5,     0.8228563, ,            29,      1.060123, ,            26,     0.9827718, ,            30,      1.088715, ,            30,      1.087325, ,          31.5,      1.121142, , 
        20.75,     0.8289161, ,         29.25,      1.066256, ,         26.25,     0.9897128, ,         30.25,      1.094725, ,         30.25,      1.093603, ,         31.75,      1.126774, , 
           21,     0.8355944, ,          29.5,      1.072368, ,          26.5,      0.996623, ,          30.5,      1.100618, ,          30.5,      1.099728, ,            32,      1.132365, , 
        21.25,     0.8426031, ,         29.75,      1.078458, ,         26.75,      1.003496, ,         30.75,      1.106402, ,         30.75,      1.105784, ,         32.25,      1.138011, , 
         21.5,     0.8498102, ,            30,      1.084525, ,            27,      1.010321, ,            31,      1.112065, ,            31,       1.11182, ,          32.5,      1.143932, , 
        21.75,     0.8571498, ,         30.25,      1.090575, ,         27.25,      1.017079, ,         31.25,      1.117581, ,         31.25,      1.117871, ,         32.75,      1.150362, , 
           22,       0.86459, ,          30.5,      1.096656, ,          27.5,       1.02372, ,          31.5,      1.122925, ,          31.5,      1.124032, ,            33,      1.157291, , 
        22.25,     0.8721354, ,         30.75,      1.102878, ,         27.75,      1.030089, ,         31.75,      1.128064, ,         31.75,      1.130414, ,         33.25,      1.163517, , 
         22.5,     0.8798645, ,            31,      1.109402, ,            28,      1.035949, ,            32,      1.132899, ,            32,      1.135833, ,          33.5,      1.168758, , 
        22.75,     0.4046897, ,         31.25,      1.115997, ,         28.25,      1.042179, ,         32.25,      1.136784, ,         32.25,       1.14108, ,         33.75,       1.17377, , 
           23,     0.4118789, ,          31.5,      1.122516, ,          28.5,       1.04852, ,          32.5,      1.142151, ,          32.5,      1.146162, ,            34,      1.178634, , 
        23.25,     0.4188751, ,         31.75,      1.128574, ,         28.75,      1.054865, ,         32.75,      1.147506, ,         32.75,      1.151069, ,         34.25,      1.183364, , 
         23.5,     0.4257202, ,            32,      1.134301, ,            29,      1.061173, ,            33,      1.152919, ,            33,      1.155779, ,          34.5,      1.187959, , 
        23.75,     0.4322184, ,         32.25,      1.139847, ,         29.25,      1.067432, ,         33.25,      1.158437, ,         33.25,      1.160223, ,         34.75,      1.192417, , 
           24,      0.437486, ,          32.5,      1.145246, ,          29.5,      1.073634, ,          33.5,      1.163948, ,          33.5,      1.167299, ,            35,      1.196731, , 
        24.25,     0.4414765, ,         32.75,      1.150489, ,         29.75,      1.079773, ,         33.75,      1.169414, ,         33.75,       1.17247, ,         35.25,      1.200892, , 
         24.5,      0.448574, ,            33,      1.155548, ,            30,      1.085841, ,            34,      1.174853, ,            34,      1.177539, ,          35.5,      1.204891, , 
        24.75,     0.4557992, ,         33.25,      1.160395, ,         30.25,      1.091879, ,         34.25,      1.180286, ,         34.25,      1.182507, ,         35.75,      1.208711, , 
           25,     0.4633922, ,          33.5,      1.164998, ,          30.5,      1.097911, ,          34.5,      1.185736, ,          34.5,      1.187325, ,            36,      1.212322, , 
        25.25,      0.472192, ,         33.75,      1.169314, ,         30.75,      1.103953, ,         34.75,      1.191185, ,         34.75,      1.191744, ,         36.25,      1.215645, , 
         25.5,     0.4811939, ,            34,      1.173235, ,            31,      1.109922, ,            35,      1.196458, ,            35,      1.195568, ,          36.5,      1.217789, , 
        25.75,     0.4868496, , , , ,         31.25,       1.11576, ,         35.25,      1.201315, ,         35.25,      1.199647, ,         36.75,      1.221745, , 
           26,     0.4925412, , , , ,          31.5,      1.121561, ,          35.5,      1.205854, ,          35.5,      1.203858, ,            37,      1.225605, , 
        26.25,     0.4986411, , , , ,         31.75,      1.127344, ,         35.75,      1.210205, ,         35.75,      1.208074, ,         37.25,      1.229368, , 
         26.5,      0.504837, , , , ,            32,      1.133141, ,            36,       1.21442, ,            36,      1.212245, ,          37.5,      1.233034, , 
        26.75,     0.5109964, , , , ,         32.25,      1.139029, ,         36.25,      1.218507, ,         36.25,      1.216351, ,         37.75,      1.236603, , 
           27,     0.5170815, , , , ,          32.5,      1.145244, ,          36.5,      1.222479, ,          36.5,      1.220383, ,            38,      1.240073, , 
        27.25,     0.5230797, , , , ,         32.75,      1.151508, ,         36.75,      1.226334, ,         36.75,      1.224331, ,         38.25,      1.243448, , 
         27.5,     0.5289891, , , , ,            33,      1.156558, ,            37,      1.230078, ,            37,      1.228192, ,          38.5,      1.246733, , 
        27.75,     0.5348088, , , , ,         33.25,      1.161421, ,         37.25,      1.233704, ,         37.25,      1.231965, ,         38.75,      1.249927, , 
           28,     0.5405432, , , , ,          33.5,      1.166095, ,          37.5,      1.237212, ,          37.5,      1.235646, ,            39,      1.253025, , 
        28.25,     0.5462015, , , , ,         33.75,      1.170563, ,         37.75,        1.2406, ,         37.75,      1.239235, ,         39.25,      1.256052, , 
         28.5,     0.5518011, , , , ,            34,       1.17478, ,            38,      1.243862, ,            38,       1.24273, ,          39.5,      1.259014, , 
        28.75,     0.5573735, , , , ,         34.25,      1.178499, ,         38.25,      1.246992, ,         38.25,       1.24613, ,         39.75,      1.261896, , 
           29,     0.5629568, , , , ,          34.5,      1.182923, ,          38.5,       1.24999, ,          38.5,      1.249436, ,            40,      1.264672, , 
        29.25,     0.5685462, , , , ,         34.75,      1.187825, ,         38.75,      1.252847, ,         38.75,      1.252648, ,         40.25,      1.267329, , 
         29.5,     0.5740842, , , , ,            35,      1.192508, ,            39,      1.255554, ,            39,      1.255828, ,          40.5,      1.269899, , 
        29.75,     0.5795463, , , , ,         35.25,      1.197052, ,         39.25,      1.258098, ,         39.25,      1.258992, ,         40.75,      1.272385, , 
           30,     0.5849264, , , , ,          35.5,      1.201489, ,          39.5,      1.260457, ,          39.5,      1.262091, ,            41,      1.274793, , 
        30.25,     0.5902191, , , , ,         35.75,      1.205827, ,         39.75,      1.262539, ,         39.75,      1.265055, ,         41.25,      1.277133, , 
         30.5,     0.5953983, , , , ,            36,      1.210072, ,            40,      1.264206, ,            40,      1.267853, ,          41.5,       1.27942, , 
        30.75,     0.6004764, , , , ,         36.25,      1.214224, , , , ,         40.25,      1.270563, ,         41.75,      1.281681, , 
           31,     0.6055387, , , , ,          36.5,      1.218283, , , , ,          40.5,      1.273191, ,            42,      1.283971, , 
        31.25,     0.6108412, , , , ,         36.75,      1.222247, , , , ,         40.75,       1.27574, ,         42.25,      1.286403, , 
         31.5,     0.6173338, , , , ,            37,      1.226117, , , , ,            41,      1.278219, ,          42.5,      1.289159, , 
        31.75,      1.125206, , , , ,         37.25,      1.229891, , , , ,         41.25,      1.280634, ,         42.75,      1.291991, , 
           32,      1.130744, , , , ,          37.5,       1.23357, , , , ,          41.5,      1.282912, ,            43,      1.294459, , 
        32.25,      1.136238, , , , ,         37.75,      1.237153, , , , ,         41.75,      1.284843, ,         43.25,      1.296347, , 
         32.5,       1.14171, , , , ,            38,       1.24064, , , , ,            42,      1.286513, ,          43.5,      1.297787, , 
        32.75,      1.147191, , , , ,         38.25,       1.24403, , , , ,         42.25,      1.287987, ,         43.75,         1.299, , 
           33,      1.152728, , , , ,          38.5,      1.247323, , , , ,          42.5,      1.289274, ,            44,      1.300048, , 
        33.25,      1.158373, , , , ,         38.75,      1.250519, , , , ,         42.75,      1.290377, ,         44.25,      1.300946, , 
         33.5,      1.164059, , , , ,            39,      1.253618, , , , ,            43,      1.291292, ,          44.5,      1.301699, , 
        33.75,      1.169672, , , , ,         39.25,      1.256619, , , , ,         43.25,      1.292009, ,         44.75,      1.302309, , 
           34,      1.175189, , , , ,          39.5,      1.259542, , , , ,          43.5,      1.292498, ,            45,      1.302773, , 
        34.25,      1.180643, , , , ,         39.75,      1.262446, , , , ,         43.75,      1.292644, ,         45.25,      1.303088, , 
         34.5,      1.185923, , , , ,            40,      1.265327, , , , ,            44,      1.293437, ,          45.5,      1.303251, , 
        34.75,      1.190722, , , , ,         40.25,      1.268144, , , , ,         44.25,      1.295844, ,         45.75,      1.303255, , 
           35,      1.195293, , , , ,          40.5,      1.270804, , , , ,          44.5,      1.297441, ,            46,      1.303091, , 
        35.25,      1.199728, , , , ,         40.75,      1.273315, , , , ,         44.75,      1.298671, ,         46.25,      1.302746, , 
         35.5,      1.204034, , , , ,            41,      1.275747, , , , ,            45,      1.299679, ,          46.5,      1.302193, , 
        35.75,      1.208217, , , , ,         41.25,      1.278107, , , , ,         45.25,      1.300522, ,         46.75,      1.301371, , 
           36,      1.212269, , , , ,          41.5,      1.280405, , , , ,          45.5,      1.301224, , , , , 
        36.25,      1.216194, , , , ,         41.75,      1.282655, , , , ,         45.75,      1.301796, , , , , 
         36.5,      1.219981, , , , ,            42,      1.284885, , , , ,            46,      1.302247, , , , , 
        36.75,      1.223621, , , , ,         42.25,      1.287134, , , , ,         46.25,       1.30258, , , , , 
           37,      1.227102, , , , ,          42.5,      1.289437, , , , ,          46.5,      1.302799, , , , , 
        37.25,      1.230408, , , , ,         42.75,      1.291632, , , , ,         46.75,      1.302905, , , , , 
         37.5,      1.233515, , , , ,            43,      1.293136, , , , ,            47,        1.3029, , , , , 
        37.75,      1.236375, , , , ,         43.25,      1.294331, , , , ,         47.25,      1.302785, , , , , 
           38,      1.238833, , , , ,          43.5,       1.29533, , , , ,          47.5,       1.30256, , , , , 
        38.25,       1.24127, , , , ,         43.75,      1.296145, , , , ,         47.75,      1.302227, , , , , 
         38.5,       1.24456, , , , ,            44,      1.296776, , , , ,            48,      1.301786, , , , , 
        38.75,       1.24775, , , , ,         44.25,      1.297214, , , , ,         48.25,      1.301238, , , , , 
           39,      1.250841, , , , ,          44.5,      1.297441, , , , ,          48.5,      1.300584, , , , , 
        39.25,      1.253834, , , , ,         44.75,      1.297415, , , , ,         48.75,      1.299824, , , , , 
         39.5,      1.256728, , , , ,            45,      1.296957, , , , ,            49,      1.298959, , , , , 
        39.75,      1.259523, , , , ,         45.25,       1.29697, , , , ,         49.25,      1.298011, , , , , 
           40,       1.26222, , , , ,          45.5,      1.297944, , , , ,          49.5,      1.297028, , , , , 
        40.25,       1.26482, , , , ,         45.75,      1.298716, , , , ,         49.75,      1.295962, , , , , 
         40.5,      1.267346, , , , ,            46,      1.299321, , , , ,            50,      1.294761, , , , , 
        40.75,      1.269853, , , , ,         46.25,      1.299778, , , , , , , , , , , 
           41,      1.272343, , , , ,          46.5,      1.300097, , , , , , , , , , , 
        41.25,      1.274788, , , , ,         46.75,      1.300288, , , , , , , , , , , 
         41.5,      1.277067, , , , ,            47,      1.300359, , , , , , , , , , , 
        41.75,      1.279205, , , , ,         47.25,      1.300305, , , , , , , , , , , 
           42,      1.281276, , , , ,          47.5,      1.300135, , , , , , , , , , , 
        42.25,      1.283293, , , , ,         47.75,       1.29985, , , , , , , , , , , 
         42.5,      1.285273, , , , ,            48,      1.299451, , , , , , , , , , , 
        42.75,      1.287242, , , , ,         48.25,      1.298943, , , , , , , , , , , 
           43,      1.289229, , , , ,          48.5,      1.298326, , , , , , , , , , , 
        43.25,      1.291237, , , , ,         48.75,        1.2976, , , , , , , , , , , 
         43.5,      1.293227, , , , ,            49,      1.296767, , , , , , , , , , , 
        43.75,       1.29508, , , , ,         49.25,      1.295828, , , , , , , , , , , 
           44,      1.296749, , , , ,          49.5,      1.294783, , , , , , , , , , , 
        44.25,      1.298229, , , , ,         49.75,      1.293634, , , , , , , , , , , 
         44.5,      1.299537, , , , ,            50,      1.292428, , , , , , , , , , , 
        44.75,      1.300677, , , , , , , , , , , , , , , , , 
           45,       1.30164, , , , , , , , , , , , , , , , , 
        45.25,      1.302405, , , , , , , , , , , , , , , , , 
         45.5,      1.302978, , , , , , , , , , , , , , , , , 
        45.75,      1.303388, , , , , , , , , , , , , , , , , 
           46,      1.303659, , , , , , , , , , , , , , , , , 
        46.25,      1.303807, , , , , , , , , , , , , , , , , 
         46.5,      1.303824, , , , , , , , , , , , , , , , , 
        46.75,       1.30372, , , , , , , , , , , , , , , , , 
           47,      1.303488, , , , , , , , , , , , , , , , , 
        47.25,      1.303139, , , , , , , , , , , , , , , , , 
         47.5,      1.302666, , , , , , , , , , , , , , , , , 
        47.75,      1.302069, , , , , , , , , , , , , , , , , 
           48,      1.301344, , , , , , , , , , , , , , , , , 
        48.25,      1.300488, , , , , , , , , , , , , , , , , 
         48.5,      1.299497, , , , , , , , , , , , , , , , , 
        48.75,      1.298364, , , , , , , , , , , , , , , , , 
           49,       1.29708, , , , , , , , , , , , , , , , , 
        49.25,      1.295634, , , , , , , , , , , , , , , , , 
         49.5,      1.294009, , , , , , , , , , , , , , , , , 
        49.75,      1.292173, , , , , , , , , , , , , , , , , 
           50,      1.290064, , , , , , , , , , , , , , , , , 

